feature_1,feature_2,mean_abs_interaction,std_abs_interaction,median_rank,top_twenty_frequency
diabetic_year,prior_visit_count,0.30677299805007546,0.11132664641822183,1.0,1.0
diabetic_year,age,0.07481796229177629,0.049713838769716995,5.0,1.0
prior_visit_count,bmi_current_delta1,0.05598303465539989,0.02708271790074586,6.0,1.0
diabetic_year,calorie_intake_past_slope,0.0893388845984006,0.035534860327207006,4.0,0.8
diabetic_year,weight_kg_past_slope,0.04327829474169724,0.02485926549323206,11.0,0.6
age,calorie_intake_past_slope,0.043241103427216786,0.025765726580169394,20.0,0.6
height_cm,prior_visit_count,0.038906068927612655,0.01848133208952135,15.0,0.6
prior_visit_count,calorie_intake_past_slope,0.038557035268308185,0.022062166120061615,13.0,0.6
age,bmi_current_delta1,0.03608086620400347,0.021424927462768934,19.0,0.6
diabetic_year,calorie_intake,0.035456909389075385,0.018426536785229895,20.0,0.6
diabetic_year,bmi_current_past_max,0.03282777265745745,0.004185471510731203,16.0,0.6
height_cm,bmi_current_delta1,0.046552723383517014,0.04531030952400757,41.0,0.4
prior_visit_count,urinary_infection_past_mean,0.04572290048532474,0.037029281373103656,23.0,0.4
diabetic_year,bmi_current_delta1,0.0369195805239273,0.01943785282966454,22.0,0.4
height_cm,diabetic_year,0.03506539709644736,0.019910418840955464,32.0,0.4
prior_visit_count,bmi_current_past_slope,0.03465461356208611,0.013509834684934436,26.0,0.4
prior_visit_count,bmi_current_past_max,0.0319600050944462,0.008872194864241213,32.0,0.4
diabetic_year,insulin_past_mean,0.03141779896759711,0.02604631888507485,43.0,0.4
prior_visit_count,insulin_past_mean,0.031043041794633897,0.019561870903833316,55.0,0.4
bmi_current,prior_visit_count,0.02910874844935596,0.009857697036469132,35.0,0.4
urinary_infection,prior_visit_count,0.02848381855216462,0.029958979305200455,39.0,0.4
bmi_current_past_min,bmi_current_past_max,0.027566515176441937,0.02398847147379366,32.0,0.4
walk_regularly,prior_visit_count,0.022542638031075264,0.022078067738185717,125.0,0.4
weight_kg,calorie_intake_past_slope,0.02000637174260376,0.010511233664254611,65.0,0.4
weight_kg_past_slope,bmi_current_past_slope,0.03910823288354477,0.037574294158280314,33.0,0.2
age,prior_visit_count,0.03451243856760265,0.016777255986055045,24.0,0.2
prior_visit_count,weight_kg_past_slope,0.02997408510582451,0.011562761348714989,30.0,0.2
diabetic_year,weight_kg,0.02785801349626149,0.007700156200659403,35.0,0.2
height_cm,age,0.027372252444063112,0.020597618750578108,43.0,0.2
diabetic_year,bmi_current,0.02723894142302986,0.002434753038655637,29.0,0.2
bmi_current_delta1,calorie_intake_past_slope,0.027023653201633885,0.011025221976609476,36.0,0.2
diabetic_year,walk_regularly,0.026866065751951967,0.017604410180726608,44.0,0.2
bmi_current_past_max,calorie_intake_past_slope,0.026215198933049817,0.013580051620333069,38.0,0.2
calorie_intake,bmi_current_delta1,0.026081442244478014,0.02052451833300783,66.0,0.2
calorie_intake,prior_visit_count,0.025714422229194116,0.0060352631527159206,37.0,0.2
prior_visit_count,follow_diet_past_mean,0.024776960673900977,0.01966313872630128,78.0,0.2
heart_disease,prior_visit_count,0.024513083319667325,0.018947858255620727,37.0,0.2
walk_regularly,calorie_intake_past_slope,0.02281772079194975,0.016689761648524634,61.0,0.2
diabetic_year,weight_kg_past_mean,0.02179371359716643,0.010888445133528267,79.0,0.2
weight_kg_lag1,weight_kg_past_mean,0.02174615905015733,0.030999809730655973,124.0,0.2
weight_kg,weight_kg_lag1,0.020622422583309895,0.023519906678679776,138.0,0.2
bmi_current_delta1,weight_kg_past_slope,0.020457111157167966,0.012176016352277127,64.0,0.2
follow_diet,prior_visit_count,0.020176325585926098,0.023445639818620394,155.0,0.2
diabetic_year,insulin,0.019148481485137932,0.02048370659613665,59.0,0.2
weight_kg_past_min,weight_kg_past_max,0.01882825170977015,0.021873331722623787,99.0,0.2
diabetic_year,urinary_infection,0.016621539388790053,0.010709679581046143,57.0,0.2
weight_kg_past_mean,calorie_intake_lag1,0.016176873711587065,0.031633793113299585,373.0,0.2
bmi_current_delta1,calorie_intake_lag1,0.016150618323298817,0.025808531436340917,211.0,0.2
weight_kg_lag1,weight_kg_past_max,0.015115784959075928,0.02222599930731135,258.0,0.2
urinary_infection,calorie_intake_past_slope,0.014674449487841346,0.023203069201108335,172.0,0.2
age,hypertension_lag1,0.013872950486345782,0.016951513614615322,428.0,0.2
diabetic_year,heart_disease,0.012525548913848512,0.012219502287395366,138.0,0.2
bmi_current,calorie_intake,0.010911271201717507,0.008864451577296789,176.0,0.2
age,weight_kg_delta1,0.00950606627822401,0.012401979035841278,346.0,0.2
heart_disease,bmi_current_past_max,0.008753716721882885,0.011561160544686538,317.0,0.2
calorie_intake,pain_killer_lag1,0.008095278043661131,0.013722590641141076,609.0,0.2
job,calorie_intake,0.008073463589012972,0.014793524134630639,650.0,0.2
prior_visit_count,sleep_sufficient_past_mean,0.006664119016053118,0.011694598717401335,666.0,0.2
bmi_current_lag1,bmi_current_past_max,0.026511506060657285,0.01619589286776884,39.0,0.0
weight_kg,prior_visit_count,0.023631225424030393,0.00792296308481491,45.0,0.0
weight_kg_lag1,calorie_intake_past_slope,0.0217224737107051,0.01659376415329786,63.0,0.0
bmi_current,bmi_current_past_max,0.021259996150443095,0.010046292674178597,46.0,0.0
prior_visit_count,hypertension_past_mean,0.021028057728788314,0.008769846828449496,75.0,0.0
height_cm,weight_kg_past_slope,0.020495802944842205,0.011827003625255522,74.0,0.0
weight_kg_past_slope,calorie_intake_past_slope,0.019824813123022533,0.010829851313954158,85.0,0.0
height_cm,urinary_infection_past_mean,0.019760296430027077,0.018086939441976556,54.0,0.0
weight_kg_past_mean,calorie_intake_past_slope,0.01927670353967239,0.015918024814493444,80.0,0.0
calorie_intake,bmi_current_past_max,0.01924333969152328,0.005380456697640183,35.0,0.0
diabetic_year,hypertension_past_mean,0.017897616089258182,0.015896579640053445,104.0,0.0
diabetic_year,bmi_current_past_slope,0.01772116255634983,0.009745311346250597,63.0,0.0
prior_visit_count,bmi_current_lag1,0.017543286474035743,0.010957677491565669,103.0,0.0
age,walk_regularly,0.01744271482028446,0.013677012656607646,81.0,0.0
weight_kg_past_mean,weight_kg_past_min,0.017408831551215462,0.016989510771644244,99.0,0.0
prior_visit_count,weight_kg_past_mean,0.01729006227082123,0.0058307820336618195,99.0,0.0
age,bmi_current,0.01723117400681993,0.006211986668971991,64.0,0.0
height_cm,calorie_intake_past_slope,0.01719684551482978,0.0150451859239697,131.0,0.0
age,weight_kg_past_slope,0.01660007229509846,0.008586868717301726,94.0,0.0
weight_kg,bmi_current,0.016515085010150664,0.005573991064076384,105.0,0.0
diabetic_year,bmi_current_lag1,0.016331757458716373,0.012163899564736737,87.0,0.0
walk_regularly,bmi_current_past_max,0.016276454931573224,0.020070176481438044,216.0,0.0
bmi_current_delta1,bmi_current_past_max,0.01585859092212101,0.010396839131116005,100.0,0.0
age,bmi_current_past_max,0.015619455784921868,0.008886932831814222,136.0,0.0
calorie_intake,calorie_intake_past_slope,0.015496648112951835,0.008249882083201009,109.0,0.0
insulin,bmi_current_past_max,0.015480107075669955,0.015419303337457115,84.0,0.0
prior_visit_count,pain_killer_past_mean,0.015388700694445742,0.018752414463372554,169.0,0.0
prior_visit_count,weight_kg_past_max,0.015384073444270206,0.009292279251518655,94.0,0.0
bmi_current_past_mean,bmi_current_past_max,0.015290705123092727,0.011734367250711211,123.0,0.0
age,calorie_intake,0.015181611746335403,0.010976375561170496,147.0,0.0
weight_kg_past_max,calorie_intake_past_slope,0.015089540338530851,0.009855056762073728,93.0,0.0
prior_visit_count,follow_diet_delta1,0.014831780933351057,0.0060858303272162614,107.0,0.0
prior_visit_count,bmi_current_past_mean,0.014827963688192952,0.005518486883428476,89.0,0.0
weight_kg_past_mean,urinary_infection_past_mean,0.014791375418200345,0.018743442050503566,190.0,0.0
age,bmi_current_past_slope,0.014786083559053254,0.009878487844362039,113.0,0.0
height_cm,bmi_current_past_slope,0.014563937792862275,0.008406622892474775,169.0,0.0
diabetic_year,bmi_current_past_mean,0.014418029721810752,0.003598599805891324,89.0,0.0
diabetic_year,weight_kg_lag1,0.014362919528552526,0.007949769418987462,111.0,0.0
bmi_current_past_slope,calorie_intake_past_slope,0.014349956866480582,0.00958876290148227,110.0,0.0
diabetic_year,weight_kg_past_max,0.014202050913951039,0.009012274875141862,91.0,0.0
calorie_intake,bmi_current_past_slope,0.014200564404081694,0.009524231217447532,146.0,0.0
calorie_intake,weight_kg_past_slope,0.01408243720478392,0.010037212493915192,163.0,0.0
age,insulin,0.01402409048319766,0.01287850116576767,142.0,0.0
bmi_current_delta1,bmi_current_past_slope,0.014014742819611441,0.007376307318336999,147.0,0.0
diabetic_year,bmi_current_past_min,0.013917945254183401,0.00514031430329565,96.0,0.0
diabetic_year,follow_diet_delta1,0.013758923554281663,0.00412096012428455,121.0,0.0
age,weight_kg_lag1,0.013697054739886572,0.007955521977832317,133.0,0.0
urinary_infection_past_mean,pain_killer_past_mean,0.01365295775764964,0.010011577055272036,117.0,0.0
urinary_infection_past_mean,bmi_current_past_slope,0.013573411331178181,0.019433543304553887,311.0,0.0
bmi_current_delta1,hypertension_past_mean,0.013515427994684406,0.01049947329463791,96.0,0.0
bmi_current,calorie_intake_past_slope,0.013503475115569588,0.003111766304104361,100.0,0.0
prior_visit_count,weight_kg_lag1,0.01346668310227224,0.00871983667609896,117.0,0.0
bmi_current,bmi_current_lag1,0.013165641592804627,0.006367063406534541,120.0,0.0
diabetic_year,urinary_infection_past_mean,0.013068641812852838,0.009393792182379575,86.0,0.0
bmi_current_past_mean,calorie_intake_past_slope,0.012865460944842944,0.0047604356453694084,97.0,0.0
age,hypertension_past_mean,0.012778397425646607,0.00672300738178211,130.0,0.0
weight_kg,weight_kg_past_mean,0.012727961927459387,0.003924411720676843,98.0,0.0
urinary_infection_past_mean,calorie_intake_past_slope,0.012721218811813761,0.009623125955525294,110.0,0.0
prior_visit_count,bmi_current_past_min,0.01264691808252083,0.0031594194869282465,105.0,0.0
height_cm,weight_kg,0.012555772852621248,0.007347217497916215,195.0,0.0
height_cm,weight_kg_past_mean,0.012494453578274762,0.0062681169850837,158.0,0.0
weight_kg_past_slope,bmi_current_past_max,0.012342709516771671,0.005037925884597679,141.0,0.0
age,bmi_current_past_mean,0.012236497186579397,0.008974623964924787,144.0,0.0
bmi_current_past_mean,bmi_current_past_min,0.012236022652344825,0.006691878480623347,131.0,0.0
diabetic_year,zarda_betel,0.012186765667247142,0.01894544089026719,269.0,0.0
bmi_current,weight_kg_past_slope,0.012163214505600742,0.006320558436234587,122.0,0.0
weight_kg_past_max,bmi_current_past_slope,0.012145839936107735,0.011976588138150742,146.0,0.0
age,weight_kg_past_max,0.011962002699980807,0.009204305803537274,151.0,0.0
diabetic_year,weight_kg_past_min,0.011876551146218476,0.010377696561164874,187.0,0.0
age,bmi_current_past_min,0.011839410212081247,0.004980175598999949,115.0,0.0
insulin_past_mean,calorie_intake_past_slope,0.011825544066722362,0.00607382747748602,102.0,0.0
height_cm,calorie_intake,0.011757559926517313,0.0051157130132860615,148.0,0.0
bmi_current_delta1,heart_disease_lag1,0.011732137039091508,0.020331630796788656,415.0,0.0
prior_visit_count,take_medicine_past_mean,0.011721676886130548,0.008681049641783064,162.0,0.0
weight_kg_past_mean,bmi_current_delta1,0.01171265183565312,0.007629085648143157,115.0,0.0
weight_kg_lag1,weight_kg_past_min,0.011651196745152278,0.014491847771471403,285.0,0.0
weight_kg,bmi_current_past_max,0.011537171605124926,0.003422280029040854,173.0,0.0
bmi_current_past_max,bmi_current_past_slope,0.011493340004691967,0.007001809539818599,112.0,0.0
age,weight_kg_past_mean,0.011450829517750763,0.004538008673861945,131.0,0.0
insulin,prior_visit_count,0.011355946912934704,0.007489918385204846,125.0,0.0
height_cm,insulin_past_mean,0.011341627816453169,0.01067519407334143,240.0,0.0
diabetic_year,follow_diet_past_mean,0.01109594968051529,0.005140464136450632,119.0,0.0
bmi_current_delta1,insulin_past_mean,0.01109523798461921,0.006766501950785795,159.0,0.0
bmi_current_lag1,bmi_current_delta1,0.011091937140011344,0.005548844958423391,122.0,0.0
calorie_intake,weight_kg_past_mean,0.011046463050255384,0.007599000386764813,147.0,0.0
diabetic_year,calorie_intake_lag1,0.0109290709045421,0.006254314703451716,174.0,0.0
bmi_current,bmi_current_delta1,0.010867897531065337,0.005876079418595087,161.0,0.0
calorie_intake,insulin_past_mean,0.010861482071845004,0.0033690413375908205,156.0,0.0
age,weight_kg,0.010817504123587127,0.0034268066286733557,151.0,0.0
weight_kg,weight_kg_past_slope,0.010770795031591163,0.002731287927634185,132.0,0.0
weight_kg_lag1,bmi_current_delta1,0.010635740271260113,0.007607138165099334,186.0,0.0
bmi_current_lag1,calorie_intake_past_slope,0.010574008930669959,0.005605559508903004,179.0,0.0
weight_kg_past_mean,bmi_current_past_max,0.010448877725709438,0.006350692240403032,152.0,0.0
age,insulin_past_mean,0.010345267913221275,0.009950142176819771,244.0,0.0
walk_regularly,weight_kg_past_max,0.010290262954098382,0.008453034780062062,155.0,0.0
weight_kg,bmi_current_past_mean,0.010265272552723753,0.005253134491636084,181.0,0.0
prior_visit_count,weight_kg_past_min,0.010262860500245522,0.0036850843290956357,166.0,0.0
height_cm,bmi_current,0.010213685965691619,0.004886636077690717,171.0,0.0
bmi_current,bmi_current_past_mean,0.01012615021239563,0.005408810125274359,144.0,0.0
bmi_current_lag1,calorie_intake_lag1,0.010084899371542045,0.018149967598036314,467.0,0.0
diabetic_year,pain_killer_past_mean,0.010028657552323714,0.010053104706487974,289.0,0.0
prior_visit_count,heart_disease_lag1,0.01001158797019595,0.010720320893713857,380.0,0.0
bmi_current,bmi_current_past_slope,0.009796883248428956,0.0026387784731073147,192.0,0.0
age,calorie_intake_lag1,0.009767035785656138,0.007890093718606076,173.0,0.0
follow_diet_delta1,take_medicine_past_mean,0.009499739737371185,0.009357310781322788,174.0,0.0
weight_kg_past_mean,weight_kg_past_max,0.009495934234640638,0.00900152466911457,213.0,0.0
height_cm,bmi_current_lag1,0.009491048066727866,0.007754755872838475,215.0,0.0
height_cm,weight_kg_delta1,0.009432307206272823,0.0073344097899739474,261.0,0.0
age,heart_disease,0.009305180798263734,0.00689199046903476,208.0,0.0
insulin_past_mean,weight_kg_past_slope,0.009262562146792247,0.005570387978122869,190.0,0.0
weight_kg_lag1,bmi_current_past_min,0.009262320321656322,0.010705124750283006,299.0,0.0
insulin_past_mean,bmi_current_past_slope,0.009242243440017667,0.004560427102409401,159.0,0.0
calorie_intake,bmi_current_lag1,0.009228353302218132,0.005087853081463337,159.0,0.0
pain_killer_past_mean,calorie_intake_past_slope,0.009204964271832473,0.007016210842613476,188.0,0.0
follow_diet,weight_kg_past_slope,0.009168333985613555,0.011503286005370358,441.0,0.0
weight_kg,calorie_intake,0.009093732448735908,0.004312737771779334,124.0,0.0
heart_disease,bmi_current_delta1,0.009037261281919614,0.005491061835309179,247.0,0.0
age,follow_diet_past_mean,0.009034780055792495,0.005413986794376998,206.0,0.0
bmi_current,bmi_current_past_min,0.009007482150044033,0.004297872645168926,158.0,0.0
urinary_infection,pain_killer_past_mean,0.008985854999096841,0.01618160812995209,483.0,0.0
weight_kg,heart_disease,0.00891528107688044,0.00884731292349003,129.0,0.0
bmi_current_delta1,bmi_current_past_min,0.008876362544680463,0.005571046443925865,172.0,0.0
bmi_current_lag1,bmi_current_past_mean,0.008860419493922947,0.006263029061099396,207.0,0.0
weight_kg_past_max,weight_kg_past_slope,0.008806023208260516,0.006008429847051972,296.0,0.0
weight_kg,weight_kg_past_max,0.008723731593927326,0.005035665059069898,203.0,0.0
family_diabetes,prior_visit_count,0.0087034706874221,0.004755450146530881,178.0,0.0
calorie_intake,urinary_infection_past_mean,0.008668370572448207,0.006065990721169057,176.0,0.0
insulin_past_mean,bmi_current_past_max,0.008662231933614645,0.002071948639579552,184.0,0.0
diabetic_year,take_medicine_past_mean,0.008551341754801812,0.0041890794865796985,188.0,0.0
family_diabetes,diabetic_year,0.008548263377359592,0.008050029828766932,295.0,0.0
urinary_infection_past_mean,weight_kg_past_slope,0.008499793135295914,0.008050560468509067,321.0,0.0
weight_kg,bmi_current_delta1,0.008453075998232716,0.004253416555868835,181.0,0.0
bmi_current_past_min,calorie_intake_past_slope,0.008279213542261542,0.003692137892607866,250.0,0.0
age,urinary_infection_past_mean,0.008207069501661989,0.010654594112548247,408.0,0.0
walk_regularly,urinary_infection_past_mean,0.00816554393989478,0.012944454148937055,445.0,0.0
prior_visit_count,calorie_intake_lag1,0.008158143146010422,0.007315830772576168,200.0,0.0
prior_visit_count,pain_killer_lag1,0.00815693948477619,0.01006879155330831,396.0,0.0
calorie_intake,follow_diet_delta1,0.008092469031138963,0.007182099179765144,409.0,0.0
weight_kg_lag1,bmi_current_past_max,0.008065414115168753,0.004099892371156656,198.0,0.0
urinary_infection_past_mean,weight_kg_past_max,0.008038483588154071,0.01232776355524543,435.0,0.0
bmi_current,weight_kg_lag1,0.008015740685267963,0.007593576143351624,273.0,0.0
height_cm,calorie_intake_lag1,0.0079382073955486,0.011107626089159989,403.0,0.0
bmi_current_delta1,bmi_current_past_mean,0.007932369666880306,0.007623953955557029,216.0,0.0
sleep_sufficient,prior_visit_count,0.007913646305964982,0.006206883056306812,227.0,0.0
prior_visit_count,water_sufficient_lag1,0.007883895288111772,0.007176919791776,219.0,0.0
weight_kg_lag1,pain_killer_past_mean,0.007836201682544076,0.013942802999254024,469.0,0.0
bmi_current_delta1,weight_kg_past_min,0.007817873006545703,0.005752654184086934,188.0,0.0
weight_kg_past_mean,bmi_current_past_slope,0.007814294152434561,0.007177563672436569,279.0,0.0
bmi_current_lag1,weight_kg_past_min,0.007799812861350695,0.006946665564871557,194.0,0.0
follow_diet_past_mean,weight_kg_past_slope,0.007795391765753652,0.004360057233463637,189.0,0.0
walk_regularly,bmi_current_past_mean,0.007785587278856083,0.011619343438475873,402.0,0.0
weight_kg_delta1,bmi_current_past_max,0.007753757497795636,0.007556746228952255,222.0,0.0
bmi_current_past_mean,weight_kg_past_slope,0.007679100403743778,0.003371330744881249,210.0,0.0
gender,prior_visit_count,0.007677506021997611,0.01410896796029382,509.0,0.0
height_cm,bmi_current_past_max,0.007642165707372824,0.003546811725196954,184.0,0.0
weight_kg_past_slope,bmi_current_past_min,0.007578926320192911,0.0033934791039637656,178.0,0.0
walk_regularly,weight_kg_past_min,0.007573652008880685,0.013677457462094155,556.0,0.0
calorie_intake,bmi_current_past_min,0.007529042191648976,0.0025391251335664493,175.0,0.0
insulin_past_mean,weight_kg_past_max,0.007516180029765012,0.005585079363056261,174.0,0.0
weight_kg,calorie_intake_lag1,0.007511829910355687,0.011440910233088852,314.0,0.0
diabetic_year,weight_kg_delta1,0.007494230984910488,0.00559790544332698,319.0,0.0
weight_kg,bmi_current_past_slope,0.007450035004791591,0.0042405630373104596,253.0,0.0
age,weight_kg_past_min,0.007420834254172027,0.0018867472942696965,251.0,0.0
urinary_infection,pain_killer,0.007410770252162313,0.014242061998801422,676.0,0.0
age,bmi_current_lag1,0.0073767696823504566,0.0025441304795691642,206.0,0.0
calorie_intake_lag1,calorie_intake_past_slope,0.007368569300745753,0.009839706417708356,430.0,0.0
hypertension_past_mean,calorie_intake_past_slope,0.007346756645769626,0.006824125533495622,260.0,0.0
bmi_current_delta1,urinary_infection_past_mean,0.007264416814010033,0.010755352687393796,447.0,0.0
pain_killer_past_mean,bmi_current_past_min,0.007214649594733098,0.011137216093132252,343.0,0.0
height_cm,weight_kg_past_max,0.007195535819790338,0.0055505699702246575,249.0,0.0
calorie_intake,urination_proper_lag1,0.007161886451707772,0.011620502388467803,732.0,0.0
height_cm,pain_killer_past_mean,0.0071577911670199015,0.005010288817623469,266.0,0.0
weight_kg_past_mean,weight_kg_past_slope,0.0070951701194970854,0.004770884425038292,243.0,0.0
age,pain_killer_past_mean,0.007079725560468366,0.005466496926640074,302.0,0.0
bmi_current,weight_kg_past_max,0.0070402821200249875,0.006378298543003169,267.0,0.0
bmi_current_lag1,bmi_current_past_min,0.007024894380284636,0.004697115928741685,233.0,0.0
follow_diet_delta1,bmi_current_past_max,0.007023698812011421,0.003289378588677559,223.0,0.0
diabetic_year,take_medicine,0.0070152391216596706,0.00915621084241401,389.0,0.0
insulin_past_mean,hypertension_past_mean,0.006994245093030186,0.005465941251719782,310.0,0.0
weight_kg,follow_diet_delta1,0.006980884509562588,0.0062207902280761555,355.0,0.0
gender,height_cm,0.006950218163350193,0.005314190901274139,322.0,0.0
calorie_intake,pain_killer_past_mean,0.00694989339221756,0.005502744694098119,246.0,0.0
take_medicine,follow_diet_delta1,0.006925639587261607,0.00836054621393668,248.0,0.0
bmi_current,insulin,0.0069127123460478055,0.006197157690613668,244.0,0.0
walk_regularly,bmi_current_delta1,0.0069043143183604595,0.0058369042618970505,260.0,0.0
bmi_current,calorie_intake_lag1,0.006850014539063162,0.003971745468518839,219.0,0.0
weight_kg,bmi_current_past_min,0.006839377143651243,0.002415766377778105,162.0,0.0
bmi_current,weight_kg_past_mean,0.006802548116538495,0.0038044360273562583,236.0,0.0
weight_kg_lag1,calorie_intake_lag1,0.0067773843061833495,0.011919877155993644,568.0,0.0
weight_kg_past_min,calorie_intake_past_slope,0.0067634354618777755,0.0052318387183955374,329.0,0.0
prior_visit_count,weight_kg_delta1,0.006753808481005752,0.002868151125425386,302.0,0.0
follow_diet_past_mean,bmi_current_past_max,0.006723994375514115,0.006989633506698622,379.0,0.0
walk_regularly,weight_kg_past_mean,0.006696459080722919,0.008108908701327655,374.0,0.0
take_medicine_past_mean,urinary_infection_past_mean,0.006695379937719478,0.007881478051279487,437.0,0.0
calorie_intake,weight_kg_past_max,0.006671713879796805,0.0077834159162588614,407.0,0.0
calorie_intake_lag1,bmi_current_past_max,0.006626694144033628,0.006293177411412555,346.0,0.0
weight_kg,weight_kg_past_min,0.006595046572881728,0.0011666703502721525,218.0,0.0
pain_killer_past_mean,bmi_current_past_max,0.006548642041619417,0.0051109331142585755,239.0,0.0
urinary_infection,weight_kg_lag1,0.006494281761988909,0.009939731251671654,877.0,0.0
calorie_intake_lag1,heart_disease_lag1,0.006490957069342796,0.014399855961855966,2660.0,0.0
urinary_infection,weight_kg_past_slope,0.006479981175785137,0.007056415012322536,324.0,0.0
weight_kg_delta1,bmi_current_delta1,0.006415437290541172,0.004843775079500876,345.0,0.0
height_cm,bmi_current_past_min,0.006377517313535562,0.004492660336653185,269.0,0.0
insulin,calorie_intake_past_slope,0.006370063983764366,0.0034925117720194113,234.0,0.0
height_cm,weight_kg_past_min,0.006367753515188762,0.0030860253841801777,243.0,0.0
bmi_current_lag1,urinary_infection_past_mean,0.006366345061066628,0.007983940576935326,369.0,0.0
bmi_current_past_min,bmi_current_past_slope,0.006287039443429715,0.001390203300650393,255.0,0.0
follow_diet,calorie_intake_past_slope,0.006282447848334323,0.005179217029342743,264.0,0.0
weight_kg_lag1,bmi_current_lag1,0.006208523748296121,0.008119299961410881,412.0,0.0
bmi_current_delta1,hypertension_lag1,0.006194400384483272,0.00989039059559467,580.0,0.0
heart_disease,bmi_current_past_slope,0.00619294907535169,0.006675494606739713,356.0,0.0
weight_kg_lag1,weight_kg_past_slope,0.006188374452281211,0.00353771896699402,305.0,0.0
diabetic_year,sleep_sufficient,0.006174393405735101,0.0032614986528094613,198.0,0.0
age,take_medicine,0.006171127727802148,0.009246372576851273,440.0,0.0
height_cm,follow_diet_past_mean,0.006129615634073306,0.0025292746580356457,254.0,0.0
height_cm,bmi_current_past_mean,0.006083991200239554,0.0027464858469047108,254.0,0.0
family_diabetes,age,0.006073217949592343,0.002468343465883252,270.0,0.0
height_cm,walk_regularly,0.006051337668996889,0.006331363946184133,271.0,0.0
pain_killer_lag1,calorie_intake_past_slope,0.006050293996470839,0.006922454352949128,275.0,0.0
weight_kg_past_mean,bmi_current_lag1,0.006047887709836712,0.002643169919115433,257.0,0.0
walk_regularly,weight_kg_past_slope,0.006039931184569125,0.0030581943503915883,269.0,0.0
height_cm,insulin,0.006034884355972665,0.006446016136808381,390.0,0.0
follow_diet_delta1,pain_killer_past_mean,0.0058771443616858,0.008144558658096145,525.0,0.0
weight_kg_past_max,bmi_current_past_min,0.005858833430442273,0.004252155252062609,367.0,0.0
calorie_intake_lag1,insulin_past_mean,0.005777386785806165,0.0040851126287941054,266.0,0.0
prior_visit_count,sleep_sufficient_lag1,0.005746111339408485,0.0034956058203570017,332.0,0.0
weight_kg_past_min,bmi_current_past_max,0.005715032020586007,0.0029451650659521587,264.0,0.0
weight_kg_past_min,weight_kg_past_slope,0.005700328637334746,0.004086934523170989,269.0,0.0
insulin,walk_regularly,0.005691955835813915,0.006237655450911279,279.0,0.0
bmi_current_past_mean,weight_kg_past_min,0.005684845572811611,0.005665358925495587,380.0,0.0
urinary_infection_past_mean,weight_kg_past_min,0.005599334790854961,0.005949521316722242,425.0,0.0
weight_kg_past_mean,follow_diet_delta1,0.005553913433483505,0.0033560664859346506,339.0,0.0
calorie_intake_lag1,bmi_current_past_slope,0.005553032946958391,0.008298286828227575,524.0,0.0
family_diabetes,height_cm,0.0055190061966264355,0.004012091167895592,280.0,0.0
bmi_current_lag1,weight_kg_past_max,0.005487601443353764,0.005336823320419357,390.0,0.0
heart_disease,calorie_intake_past_slope,0.005475112686051253,0.004820228220162941,398.0,0.0
bmi_current_delta1,weight_kg_past_max,0.005457991270785249,0.004124004853159045,335.0,0.0
walk_regularly,bmi_current_past_slope,0.005455140046981159,0.004748775745769323,284.0,0.0
weight_kg_lag1,bmi_current_past_mean,0.005409538313168293,0.0039482495841634485,307.0,0.0
height_cm,follow_diet_delta1,0.005385323422724233,0.0027660848289897057,340.0,0.0
insulin,bmi_current_delta1,0.005370300719684548,0.0033531274091840213,353.0,0.0
calorie_intake_lag1,weight_kg_past_max,0.005342279985750991,0.009746376927514372,756.0,0.0
insulin,hypertension_past_mean,0.005327198777591387,0.008448614088068228,456.0,0.0
hypertension,bmi_current_delta1,0.005315838252930976,0.01053876150189762,783.0,0.0
insulin_past_mean,urinary_infection_past_mean,0.0052886745427578015,0.006338096211832008,341.0,0.0
weight_kg_past_mean,bmi_current_past_min,0.005244650609794807,0.001649329624176823,296.0,0.0
pain_killer_past_mean,bmi_current_past_slope,0.00516915906296715,0.0040304779674871115,291.0,0.0
calorie_intake,follow_diet_past_mean,0.0051449725523357945,0.002206020976854583,342.0,0.0
bmi_current_lag1,bmi_current_past_slope,0.005130361520050729,0.003135829007143078,341.0,0.0
smoke_past_mean,calorie_intake_past_slope,0.005121297636986171,0.006629473944347005,519.0,0.0
urinary_infection_past_mean,bmi_current_past_min,0.005113799264592919,0.006608085781442091,592.0,0.0
age,urinary_infection,0.005113274625079307,0.0023708416454075653,236.0,0.0
job,diabetic_year,0.0050745952098364905,0.0037363463035259047,337.0,0.0
bmi_current_lag1,weight_kg_past_slope,0.005030985420190444,0.002096070168174155,277.0,0.0
diabetic_year,water_sufficient_lag1,0.005022294312426136,0.004224062104052479,221.0,0.0
bmi_current,insulin_past_mean,0.005007671708710718,0.004821927123366095,361.0,0.0
heart_disease,bmi_current_lag1,0.004993218173347354,0.0058150953206563116,416.0,0.0
take_medicine_past_mean,weight_kg_past_slope,0.004941835706854315,0.003910029121335193,258.0,0.0
weight_kg,bmi_current_lag1,0.004927341730487713,0.002901739885899062,358.0,0.0
height_cm,weight_kg_lag1,0.004921614635312932,0.002263848652434358,335.0,0.0
walk_regularly,bmi_current_past_min,0.004917150865984864,0.004563769396965576,290.0,0.0
calorie_intake_lag1,follow_diet_delta1,0.004880557612661635,0.0049556203848120685,287.0,0.0
height_cm,urinary_infection,0.004850160491504284,0.004995741069974184,277.0,0.0
diabetic_year,heart_disease_lag1,0.0048452134336545325,0.004355364800047023,509.0,0.0
weight_kg,smoke_past_mean,0.004825663017092719,0.006507237921201185,1217.0,0.0
weight_kg_past_max,bmi_current_past_max,0.004813631678871623,0.0018033410397357754,320.0,0.0
insulin,weight_kg_past_mean,0.004811798707087069,0.006242237728762617,296.0,0.0
job,bmi_current_past_slope,0.0047975126782750215,0.004887271356427178,396.0,0.0
bmi_current_lag1,insulin_past_mean,0.004790774080413654,0.002346580447909298,295.0,0.0
urinary_infection_past_mean,bmi_current_past_max,0.004780020731675819,0.003412848661380572,324.0,0.0
weight_kg,follow_diet_past_mean,0.004778903608243452,0.003344994464466082,273.0,0.0
bmi_current_past_mean,bmi_current_past_slope,0.0047669284045152305,0.0029315101647209322,305.0,0.0
bmi_current,walk_regularly,0.0047599099955117985,0.0017771597036312405,300.0,0.0
take_medicine,heart_disease,0.004759079293394328,0.008373807076697926,810.0,0.0
walk_regularly,insulin_past_mean,0.004755899874923273,0.005375479912278269,389.0,0.0
age,heart_disease_past_mean,0.0047473626920578865,0.004031618422942153,310.0,0.0
take_medicine_past_mean,bmi_current_past_max,0.004725725400227787,0.003158721957055466,331.0,0.0
take_medicine_past_mean,calorie_intake_past_slope,0.004722109826681887,0.003990874135082214,332.0,0.0
job,follow_diet_delta1,0.004714545366615598,0.006161645802334991,439.0,0.0
pain_killer,calorie_intake_past_slope,0.004713677985123276,0.006923298453062244,516.0,0.0
weight_kg_past_mean,bmi_current_past_mean,0.004699570670700639,0.0016349989706139567,290.0,0.0
follow_diet_delta1,weight_kg_past_slope,0.0046846453559024346,0.0038608037882539074,349.0,0.0
bmi_current_delta1,follow_diet_delta1,0.004667310765090258,0.0037705799974669546,393.0,0.0
age,smoke_past_mean,0.004653618734460844,0.007653459130765784,1125.0,0.0
bmi_current,weight_kg_past_min,0.00464396830716012,0.003537846718863197,316.0,0.0
height_cm,hypertension_past_mean,0.004637229756170971,0.003874611875429627,355.0,0.0
bmi_current_delta1,pain_killer_past_mean,0.004624396655642988,0.00331909110521918,281.0,0.0
weight_kg_past_mean,insulin_past_mean,0.0046214699404864504,0.005850342435890273,483.0,0.0
age,follow_diet_delta1,0.004611499590978759,0.001660822790001324,323.0,0.0
calorie_intake,bmi_current_past_mean,0.004548620557574362,0.0011183875349479097,297.0,0.0
heart_disease,bmi_current_past_min,0.0044766835151269216,0.006555297113705115,553.0,0.0
age,take_medicine_past_mean,0.00447212237752287,0.0009580638819317852,299.0,0.0
bmi_current_delta1,follow_diet_past_mean,0.004419829740020254,0.0021696327103084573,361.0,0.0
job,prior_visit_count,0.004403326344814839,0.0024978057880261635,451.0,0.0
walk_regularly,bmi_current_lag1,0.004374430703540948,0.004001379314531157,415.0,0.0
bmi_current,urinary_infection_past_mean,0.004318462582702567,0.004272066264295863,443.0,0.0
weight_kg,hypertension_past_mean,0.004287395345876859,0.004507642452497515,438.0,0.0
smoke,pain_killer_past_mean,0.004270152556184334,0.009267894099116797,1185.0,0.0
weight_kg_delta1,calorie_intake_past_slope,0.004266970975479833,0.005076732772248299,402.0,0.0
hypertension_past_mean,bmi_current_past_slope,0.004258416058267307,0.0032693280475170083,298.0,0.0
calorie_intake_lag1,weight_kg_past_slope,0.004239977098201991,0.004418535240540124,447.0,0.0
urinary_infection,bmi_current_delta1,0.004220442988571125,0.007021262064786318,534.0,0.0
take_medicine,weight_kg_past_slope,0.0042137259024230145,0.0062842095428434054,555.0,0.0
bmi_current,follow_diet_delta1,0.0042118048715361145,0.002451476608368695,330.0,0.0
job,age,0.004198587477196328,0.0032547984405475153,385.0,0.0
diabetic_year,sleep_sufficient_past_mean,0.004196494113002428,0.006422535484901516,614.0,0.0
weight_kg_lag1,bmi_current_past_slope,0.004189017029679028,0.0042104686227116385,407.0,0.0
height_cm,heart_disease_lag1,0.004186763837118683,0.0067108488331149895,697.0,0.0
follow_diet_past_mean,bmi_current_past_min,0.004184408567546051,0.0029771931924720513,348.0,0.0
prior_visit_count,zarda_betel_past_mean,0.004167309077314417,0.00288734620800776,316.0,0.0
diabetic_year,calorie_intake_past_mean,0.0041638399153075024,0.004064532392808147,349.0,0.0
zarda_betel,calorie_intake_past_slope,0.004162606130932769,0.006288748240917705,480.0,0.0
weight_kg_past_min,bmi_current_past_slope,0.00416045171892507,0.004159787030900255,397.0,0.0
calorie_intake,weight_kg_lag1,0.004155005984918652,0.0018786903420338018,346.0,0.0
weight_kg,take_medicine_past_mean,0.004151285881064945,0.002045337244516233,397.0,0.0
weight_kg_past_min,bmi_current_past_min,0.004140470378971464,0.0025830885708206263,324.0,0.0
walk_regularly,heart_disease_lag1,0.004118082468335863,0.005086483579007144,741.0,0.0
diabetic_year,follow_diet,0.004107015944032095,0.003981195673435498,406.0,0.0
gender,diabetic_year,0.004088427870793933,0.00439365961371551,447.0,0.0
pain_killer_past_mean,weight_kg_past_slope,0.004083189814623022,0.0022799072497622615,293.0,0.0
calorie_intake_lag1,pain_killer_past_mean,0.004069906394715134,0.003937476974685349,288.0,0.0
weight_kg,urinary_infection_past_mean,0.00403954194073705,0.004343142615455389,530.0,0.0
gender,weight_kg_lag1,0.004025026391989021,0.006937828527639976,539.0,0.0
job,bmi_current_delta1,0.004009974174689287,0.004377600119650234,503.0,0.0
urination_proper_lag1,pain_killer_lag1,0.004005159374175875,0.005276418906658793,491.0,0.0
urination_proper_lag1,pain_killer_past_mean,0.003973533777791472,0.004103978920339858,443.0,0.0
diabetic_year,sleep_sufficient_lag1,0.0039584866182802445,0.0037731031392234,435.0,0.0
follow_diet_delta1,calorie_intake_past_slope,0.003947045281461059,0.0015906703751687858,335.0,0.0
heart_disease,calorie_intake_lag1,0.0039264961193074726,0.0034062814729718845,259.0,0.0
weight_kg,insulin,0.003909914292476344,0.004945637315208644,431.0,0.0
weight_kg,urinary_infection,0.0038938418855071722,0.003621049817362782,416.0,0.0
zarda_betel,prior_visit_count,0.00387414569265234,0.004257615770173908,332.0,0.0
follow_diet_past_mean,bmi_current_past_slope,0.0038558806423912894,0.0036342411227109,494.0,0.0
bmi_current,heart_disease,0.003839053369298848,0.004645603687319052,508.0,0.0
age,heart_disease_lag1,0.003827396961479191,0.004479591281425699,478.0,0.0
bmi_current_delta1,pain_killer_lag1,0.003815423214103586,0.0035397291083059143,398.0,0.0
age,insulin_delta1,0.003814966701839498,0.005630183830853195,869.0,0.0
bmi_current_past_mean,weight_kg_past_max,0.0038005107600140664,0.001990024131611743,426.0,0.0
water_sufficient,hypertension_past_mean,0.0037268026871200796,0.008248211874452908,1531.0,0.0
urinary_infection,weight_kg_past_mean,0.003713334179362252,0.005250216109556907,454.0,0.0
weight_kg_past_mean,pain_killer_past_mean,0.0036958299232683735,0.004940049362589108,527.0,0.0
pain_killer_lag1,bmi_current_past_slope,0.003682747867439184,0.005522210265584788,622.0,0.0
weight_kg_delta1,calorie_intake_lag1,0.003665224182519145,0.005325038282209678,685.0,0.0
insulin,calorie_intake_lag1,0.003659199894943023,0.005044257912832855,548.0,0.0
take_medicine_past_mean,bmi_current_past_slope,0.003649955316259442,0.0040445785322343305,446.0,0.0
take_medicine_lag1,heart_disease_lag1,0.003621351864487559,0.00809758893943979,1421.0,0.0
bmi_current_delta1,take_medicine_past_mean,0.0036007731289515064,0.0023291355055614672,351.0,0.0
weight_kg,insulin_past_mean,0.0035738689425281246,0.002142618971607932,363.0,0.0
bmi_current_lag1,pain_killer_past_mean,0.0035672589986864055,0.002572578313352667,353.0,0.0
hypertension_past_mean,weight_kg_past_slope,0.003532040880706345,0.0027334800085360455,435.0,0.0
calorie_intake,weight_kg_past_min,0.0035254856546459838,0.0023291194164071073,504.0,0.0
urinary_infection,bmi_current_past_min,0.003512295386174886,0.003817190865005192,441.0,0.0
calorie_intake,calorie_intake_lag1,0.0035103839649266327,0.005913269252137465,739.0,0.0
job,calorie_intake_past_slope,0.0035086809608228056,0.0017950080304432164,388.0,0.0
urinary_infection,calorie_intake_lag1,0.0034864608394304256,0.0074849790164901,2266.0,0.0
bmi_current,heart_disease_lag1,0.0034330385339958595,0.004465476529747451,421.0,0.0
age,zarda_betel,0.0034199569628842164,0.0039401144028737576,294.0,0.0
bmi_current,pain_killer_past_mean,0.0034081344878993157,0.0027308052013107517,497.0,0.0
family_diabetes,follow_diet_delta1,0.0033992299676977684,0.0026718776315364364,291.0,0.0
zarda_betel,urinary_infection_past_mean,0.003308322836811403,0.007397634754625241,2323.0,0.0
walk_regularly,weight_kg_lag1,0.0032965102030014562,0.004315586416256451,524.0,0.0
insulin,calorie_intake,0.003287520752836047,0.0029055427300493128,361.0,0.0
diabetic_year,hypertension_lag1,0.0032794431034343457,0.005147049071903715,604.0,0.0
gender,bmi_current_delta1,0.003278133235079232,0.0028435670344227632,462.0,0.0
follow_diet_past_mean,calorie_intake_past_slope,0.003276786913172207,0.003238460244872727,406.0,0.0
bmi_current_lag1,take_medicine_past_mean,0.0032720776930433675,0.0019357813195964929,308.0,0.0
prior_visit_count,calorie_intake_past_mean,0.0032641272539559096,0.0037371127281575103,643.0,0.0
bmi_current_delta1,heart_disease_past_mean,0.003233251889433758,0.0024562084421071617,375.0,0.0
heart_disease,follow_diet_delta1,0.0032068131747260303,0.004159202389781282,577.0,0.0
urinary_infection,bmi_current_past_max,0.0031937747791671066,0.004547839262377366,548.0,0.0
height_cm,sleep_sufficient,0.0031863513890830696,0.0014517513448058577,468.0,0.0
weight_kg,calorie_intake_past_mean,0.003177530227455992,0.004769651770420656,550.0,0.0
height_cm,take_medicine_past_mean,0.003174282226014452,0.0019262196213175615,429.0,0.0
zarda_betel,weight_kg_past_slope,0.0031670221459779943,0.0030542580471644497,316.0,0.0
weight_kg_lag1,urinary_infection_past_mean,0.0031508917522142187,0.005340234128826028,714.0,0.0
calorie_intake_lag1,weight_kg_past_min,0.003139435190591142,0.003609125714198307,456.0,0.0
sleep_sufficient,bmi_current_delta1,0.0031393338099013042,0.00202472883796612,448.0,0.0
follow_diet_delta1,bmi_current_past_slope,0.0031296048720568757,0.0023509419798169993,386.0,0.0
follow_diet,bmi_current_past_slope,0.003127050902363899,0.0030231536388239475,443.0,0.0
heart_disease,heart_disease_past_mean,0.00310284068000398,0.006006207932149799,943.0,0.0
bmi_current_delta1,calorie_intake_past_mean,0.003102065048993441,0.004753338852741146,682.0,0.0
follow_diet,bmi_current_delta1,0.0031010925950798922,0.002386938959490671,421.0,0.0
bmi_current_past_mean,urinary_infection_past_mean,0.003089387039545653,0.0038447154346755554,517.0,0.0
heart_disease,bmi_current_past_mean,0.0030888706809112988,0.0036230712789743352,333.0,0.0
zarda_betel,sleep_sufficient_lag1,0.0030792348288636454,0.006885378396024043,2331.0,0.0
diabetic_year,urinary_infection_lag1,0.0030747401967232977,0.0036460612768440615,487.0,0.0
take_medicine,prior_visit_count,0.0030508625611493315,0.0014216509539813492,477.0,0.0
heart_disease,calorie_intake,0.0030496520825751667,0.001900415554255665,435.0,0.0
weight_kg_past_mean,follow_diet_past_mean,0.0030350122990396174,0.002929779286231817,466.0,0.0
job,weight_kg_past_slope,0.00302462825994256,0.0034927293175202804,541.0,0.0
insulin,follow_diet_past_mean,0.0030166850228941903,0.003563061723669816,463.0,0.0
heart_disease,weight_kg_past_slope,0.003009288096649669,0.002315600915682335,391.0,0.0
age,sleep_sufficient_lag1,0.0030052390925216672,0.003195338297981973,592.0,0.0
bmi_current_past_mean,insulin_past_mean,0.002996617479614777,0.0030565282956528154,538.0,0.0
height_cm,insulin_delta1,0.002984708598306865,0.004270027313523391,889.0,0.0
calorie_intake,weight_kg_delta1,0.002978990521623347,0.0028193162864685517,505.0,0.0
bmi_current,hypertension_past_mean,0.0029558760597861457,0.0024882388487467875,519.0,0.0
bmi_current_past_mean,calorie_intake_lag1,0.002944874262313819,0.0027825490300867686,558.0,0.0
family_diabetes,bmi_current_delta1,0.002944498690865881,0.0036123632599994356,534.0,0.0
bmi_current,follow_diet_past_mean,0.0029311537164672277,0.0029178062349969136,530.0,0.0
insulin,weight_kg_past_slope,0.0029300559023543943,0.002607380939175417,533.0,0.0
walk_regularly_lag1,bmi_current_past_max,0.002901680535680309,0.0034267137984727997,475.0,0.0
insulin,bmi_current_lag1,0.0028963282610845005,0.003413618136842277,582.0,0.0
family_diabetes,weight_kg,0.00289186699250945,0.0024770432642802994,481.0,0.0
insulin,weight_kg_past_max,0.0028799221937018398,0.0027334333718565425,390.0,0.0
bmi_current,take_medicine_past_mean,0.002879134183357615,0.0015008544236088579,471.0,0.0
bmi_current_lag1,follow_diet_delta1,0.002870194411140635,0.0030716466912193664,556.0,0.0
bmi_current_delta1,urination_proper_lag1,0.0028593954064680184,0.0025886429738475603,654.0,0.0
calorie_intake_lag1,bmi_current_past_min,0.002837554211606635,0.0019096421511310459,477.0,0.0
prior_visit_count,heart_disease_past_mean,0.0028347615824458232,0.0022670854371252256,358.0,0.0
bmi_current,urinary_infection,0.002829479291451306,0.004666736911705269,604.0,0.0
sleep_sufficient,weight_kg_past_slope,0.0028221824734575257,0.0035753680546532687,554.0,0.0
weight_kg_lag1,follow_diet_delta1,0.0028098544081444467,0.0017188398043230843,525.0,0.0
take_medicine,bmi_current_delta1,0.0027922310232702356,0.0014093916437654909,449.0,0.0
urinary_infection,bmi_current_past_slope,0.0027785871626812824,0.0028858023034714717,482.0,0.0
height_cm,pain_killer_lag1,0.002774759559996692,0.0019409006588247746,432.0,0.0
bmi_current,pain_killer,0.0027460935017011912,0.0033466396510171076,657.0,0.0
calorie_intake_lag1,urinary_infection_past_mean,0.0027378534501457485,0.0035447704931686054,847.0,0.0
urinary_infection,calorie_intake,0.002717822155228073,0.003651878954681356,640.0,0.0
gender,weight_kg_past_mean,0.002703828089700041,0.003683891681424755,603.0,0.0
age,pain_killer_lag1,0.002699418309356633,0.002514369207034144,593.0,0.0
age,calorie_intake_past_mean,0.00268715842581108,0.0026171456734698263,527.0,0.0
age,sleep_sufficient,0.002685954891359775,0.0013718979877428293,482.0,0.0
heart_disease,take_medicine_past_mean,0.002668253738597048,0.0028853178313659193,512.0,0.0
heart_disease,weight_kg_past_mean,0.002664226994733233,0.002348875924462291,375.0,0.0
weight_kg_delta1,weight_kg_past_slope,0.0026617463549213306,0.0006308307395117775,442.0,0.0
follow_diet_delta1,weight_kg_past_min,0.0026540225900915163,0.002676717746381256,498.0,0.0
family_diabetes,bmi_current,0.0026528777693135388,0.003336869978821706,658.0,0.0
calorie_intake_lag1,follow_diet_past_mean,0.0026494293966697847,0.0037641434914940618,543.0,0.0
weight_kg,walk_regularly,0.0026460322678193192,0.0007597803409346718,422.0,0.0
height_cm,calorie_intake_past_mean,0.002645891600484505,0.0033900025436299874,619.0,0.0
follow_diet_delta1,take_medicine_lag1,0.0026392685352562796,0.0015837914366267655,424.0,0.0
hypertension_past_mean,bmi_current_past_max,0.002633606314133176,0.0010547865354954189,446.0,0.0
follow_diet_delta1,follow_diet_past_mean,0.002622501375941893,0.002517841957363423,528.0,0.0
insulin_past_mean,weight_kg_past_min,0.0026193758478339412,0.0024756319492098403,462.0,0.0
weight_kg_past_mean,take_medicine_past_mean,0.00261873860261714,0.002037621282367225,537.0,0.0
follow_diet_delta1,weight_kg_past_max,0.002612936770999138,0.002116605768054046,488.0,0.0
follow_diet_past_mean,urinary_infection_past_mean,0.0025961741021191843,0.002140705960499146,459.0,0.0
prior_visit_count,water_sufficient_past_mean,0.00259427088232075,0.003856454929072585,608.0,0.0
pain_killer_lag1,bmi_current_past_max,0.002568598677535676,0.0012649593017410065,481.0,0.0
insulin,bmi_current_past_min,0.0025681699497214737,0.00307462610649003,511.0,0.0
bmi_current,sleep_sufficient_lag1,0.002567772931199014,0.0027843142390861723,784.0,0.0
family_diabetes,bmi_current_past_slope,0.0025665631888247727,0.0024104015393829957,532.0,0.0
weight_kg_past_mean,pain_killer_lag1,0.002566484888974152,0.0025044613478263085,603.0,0.0
height_cm,sleep_sufficient_lag1,0.0025431251631175223,0.0013254104873484844,529.0,0.0
take_medicine_past_mean,weight_kg_past_min,0.0025244646935684008,0.0016258628343688473,411.0,0.0
heart_disease_lag1,bmi_current_past_max,0.0025017338399025892,0.002681650369507036,429.0,0.0
weight_kg,zarda_betel,0.0024959018957728544,0.002875610022293199,780.0,0.0
insulin_past_mean,pain_killer_past_mean,0.0024909114867024485,0.002009913274305326,442.0,0.0
family_diabetes,bmi_current_past_max,0.002489130537361145,0.002318395297201807,530.0,0.0
zarda_betel,pain_killer_past_mean,0.002487638156546155,0.0054186544286517905,2320.0,0.0
weight_kg_delta1,bmi_current_past_slope,0.0024781936490442685,0.0007999909724438963,473.0,0.0
walk_regularly,pain_killer_past_mean,0.002474458173909789,0.002539112023078007,619.0,0.0
gender,weight_kg_past_min,0.0024730813133527502,0.0035439680600443594,783.0,0.0
bmi_current,zarda_betel,0.0024611083649299253,0.003203929171452537,1156.0,0.0
gender,bmi_current_past_max,0.0024416643672141116,0.00217666328928064,485.0,0.0
hypertension_lag1,urinary_infection_past_mean,0.002439035231650985,0.004939699912692949,1073.0,0.0
gender,weight_kg,0.002434333616228238,0.0014383089302057526,453.0,0.0
heart_disease,walk_regularly,0.0024226662541620473,0.00283568522919127,721.0,0.0
prior_visit_count,hypertension_lag1,0.0024195271290886767,0.0019894445677524205,547.0,0.0
walk_regularly,calorie_intake,0.0024158684788727534,0.0011554153265755207,566.0,0.0
diabetic_year,pain_killer,0.0024134904066939714,0.003060747772631949,458.0,0.0
height_cm,heart_disease,0.002408370910705703,0.002404777729566846,488.0,0.0
weight_kg_delta1,bmi_current_lag1,0.002407971909749294,0.0029031866299155007,574.0,0.0
sleep_sufficient,take_medicine_past_mean,0.002404605699453063,0.001832123507531044,457.0,0.0
family_diabetes,hypertension_past_mean,0.0023897282839697477,0.0016601081950007115,520.0,0.0
walk_regularly,calorie_intake_lag1,0.0023861898712765157,0.002942179954914088,506.0,0.0
age,follow_diet,0.00237768960073558,0.0019406527450630954,540.0,0.0
height_cm,insulin_lag1,0.002376592878925794,0.005256826850813047,1413.0,0.0
zarda_betel,bmi_current_delta1,0.0023693963560499813,0.0035797098484485475,1256.0,0.0
zarda_betel,bmi_current_past_max,0.002351269732308511,0.005071696064459683,1171.0,0.0
hypertension_lag1,bmi_current_past_slope,0.002348275079761325,0.0022797075824506872,454.0,0.0
sleep_sufficient,insulin_past_mean,0.0023424754952100853,0.0025549861931602816,488.0,0.0
take_medicine_lag1,calorie_intake_past_slope,0.002340767339331782,0.0029061063199330257,927.0,0.0
weight_kg,pain_killer_lag1,0.0023378495331590147,0.00201976350020994,440.0,0.0
weight_kg_lag1,insulin_delta1,0.0023351104184406455,0.003951973121775068,710.0,0.0
family_diabetes,weight_kg_past_max,0.0023241324866379695,0.0028159622964643036,719.0,0.0
insulin_past_mean,bmi_current_past_min,0.0023159038301878397,0.0017181961281900692,556.0,0.0
diabetic_year,pain_killer_lag1,0.002314872224714216,0.0011262909484574767,504.0,0.0
diabetic_year,walk_regularly_past_mean,0.00230339396380021,0.00282116701642896,512.0,0.0
pain_killer_past_mean,weight_kg_past_max,0.0022981562880349583,0.0016258099928545544,593.0,0.0
smoke,urinary_infection,0.0022973623925778607,0.005137058478755654,2261.0,0.0
bmi_current_delta1,water_sufficient_lag1,0.002295633157438742,0.002673205439741387,560.0,0.0
family_diabetes,insulin_past_mean,0.0022953545660675373,0.0022736551484942753,620.0,0.0
hypertension_lag1,weight_kg_past_min,0.0022795511281345623,0.0033613494288683233,912.0,0.0
weight_kg_lag1,insulin_past_mean,0.0022750831651842415,0.0022608802084025325,557.0,0.0
hypertension,weight_kg_past_slope,0.0022656591509530866,0.004547483764651834,1604.0,0.0
heart_disease,weight_kg_lag1,0.0022598786313999296,0.0030270004802562317,723.0,0.0
urination_proper,prior_visit_count,0.0022548445203515854,0.002940603441741117,604.0,0.0
pain_killer,urinary_infection_past_mean,0.0022497714411942463,0.002879605264855552,854.0,0.0
bmi_current_lag1,follow_diet_past_mean,0.0022339014036188674,0.0023741564771116923,621.0,0.0
insulin_delta1,weight_kg_past_slope,0.002230707491570648,0.0022149028355830506,701.0,0.0
weight_kg_lag1,take_medicine_past_mean,0.0022176183774332637,0.0016431069420974962,464.0,0.0
hypertension_past_mean,bmi_current_past_min,0.002214084617468925,0.0007071315168064974,481.0,0.0
bmi_current,sleep_sufficient,0.0022124659379059624,0.0014844456836045122,656.0,0.0
follow_diet_lag1,weight_kg_past_slope,0.0022040122099291747,0.002540842815005984,652.0,0.0
gender,urinary_infection,0.0022037173904194793,0.0046381473143312845,1979.0,0.0
sleep_sufficient,follow_diet_past_mean,0.002202338393023494,0.0017776375890233974,512.0,0.0
job,weight_kg,0.00219409966551809,0.0014573263421679224,536.0,0.0
calorie_intake,hypertension_past_mean,0.002192699188734597,0.0009126379166462989,507.0,0.0
follow_diet_past_mean,weight_kg_past_min,0.0021858038654592,0.001537556621424369,432.0,0.0
follow_diet_past_mean,insulin_past_mean,0.0021569312911603813,0.0016523489864254666,492.0,0.0
calorie_intake_past_mean,weight_kg_past_max,0.002155259755154809,0.0038648013705485833,1057.0,0.0
weight_kg,urinary_infection_lag1,0.0021538982426152114,0.0029688162751231473,703.0,0.0
heart_disease,follow_diet_past_mean,0.0021532223278896362,0.001982508108324694,577.0,0.0
sleep_sufficient,calorie_intake_past_slope,0.002137813049168668,0.001209614408220548,455.0,0.0
calorie_intake,take_medicine_past_mean,0.0021364172793756292,0.0009602108848341947,566.0,0.0
pain_killer,pain_killer_past_mean,0.002132004175188536,0.004767306264034937,2370.0,0.0
smoke_past_mean,urinary_infection_past_mean,0.0021256278509864616,0.003785238852450424,1079.0,0.0
calorie_intake_past_mean,weight_kg_past_slope,0.0021110622784374705,0.002503508750258436,765.0,0.0
age,urination_proper_past_mean,0.0021030460657037024,0.002533696344049182,777.0,0.0
urination_proper_lag1,bmi_current_past_slope,0.002088065679052153,0.0028790941531363456,814.0,0.0
heart_disease,weight_kg_delta1,0.0020859664728125164,0.0021865978450898433,611.0,0.0
height_cm,take_medicine,0.0020851971246753373,0.0013757853651439232,514.0,0.0
bmi_current_past_mean,follow_diet_delta1,0.0020804930667528048,0.0015058149881507059,506.0,0.0
follow_diet_past_mean,pain_killer_past_mean,0.002052801439193541,0.002380311019641288,658.0,0.0
heart_disease_lag1,calorie_intake_past_slope,0.0020481016273345134,0.002669584922231938,625.0,0.0
weight_kg_delta1,weight_kg_past_mean,0.002047325793338261,0.0014450449067881432,555.0,0.0
insulin,bmi_current_past_slope,0.0020471913146548983,0.0014469607309778604,581.0,0.0
weight_kg_lag1,follow_diet_past_mean,0.002037737421904378,0.0011965190617757749,693.0,0.0
gender,bmi_current_lag1,0.002036936260235853,0.0025858534262952894,672.0,0.0
calorie_intake_lag1,take_medicine_past_mean,0.002035829028961377,0.0017710067014446843,635.0,0.0
height_cm,urinary_infection_lag1,0.002033429147434858,0.0023919356743714185,523.0,0.0
follow_diet_delta1,pain_killer_lag1,0.0020305489002590844,0.0018338123547089928,621.0,0.0
diabetic_year,heart_disease_past_mean,0.0020220187550112185,0.0009406972674525785,494.0,0.0
prior_visit_count,walk_regularly_lag1,0.0020159007802230044,0.001487544994417922,608.0,0.0
water_sufficient,prior_visit_count,0.002011793099554597,0.0017456062659830455,434.0,0.0
take_medicine,bmi_current_past_slope,0.0020082002810840956,0.0031870938898181512,795.0,0.0
follow_diet_delta1,insulin_past_mean,0.002004600964011478,0.0010815250402336043,437.0,0.0
weight_kg_delta1,bmi_current_past_mean,0.002003467231650275,0.0017832632384413782,455.0,0.0
family_diabetes,calorie_intake_past_slope,0.0020021635865107544,0.0021009760395549787,652.0,0.0
prior_visit_count,walk_regularly_past_mean,0.0019772818461917755,0.0023385679947443712,726.0,0.0
weight_kg,pain_killer_past_mean,0.001971888944097572,0.0016899411650605216,565.0,0.0
follow_diet_delta1,bmi_current_past_min,0.001963982281485866,0.0014140054143698146,589.0,0.0
bmi_current_lag1,hypertension_past_mean,0.001958822847743507,0.0012422300074018547,551.0,0.0
smoke,calorie_intake_past_slope,0.0019555364857414283,0.0031275361183491462,970.0,0.0
family_diabetes,weight_kg_past_mean,0.0019551009564455443,0.0029556333261661462,1088.0,0.0
heart_disease,insulin_past_mean,0.0019420230004464343,0.0014640145917449014,557.0,0.0
calorie_intake,smoke_past_mean,0.001914879160222203,0.003342993605691937,1265.0,0.0
heart_disease_lag1,bmi_current_past_slope,0.00190670219955823,0.0023694582247661944,693.0,0.0
bmi_current_past_mean,take_medicine_past_mean,0.0018972719119336764,0.0015072609981813918,548.0,0.0
pain_killer,bmi_current_past_max,0.001883552592146421,0.00271048537905125,799.0,0.0
bmi_current_delta1,take_medicine_lag1,0.0018682634330072553,0.002887364721092722,748.0,0.0
heart_disease_lag1,weight_kg_past_max,0.0018663221252448168,0.002029719343712607,756.0,0.0
bmi_current_past_mean,pain_killer_past_mean,0.0018503103235718201,0.0005334055716796571,625.0,0.0
urinary_infection_lag1,urinary_infection_past_mean,0.0018487867808043193,0.004134012917781461,1798.0,0.0
bmi_current_past_mean,follow_diet_past_mean,0.0018355191260871965,0.0006856588233848035,569.0,0.0
weight_kg_delta1,follow_diet_delta1,0.001829034643007809,0.0016257361106721262,610.0,0.0
hypertension_past_mean,pain_killer_past_mean,0.001826901903779813,0.0015190300905596342,625.0,0.0
bmi_current,hypertension_lag1,0.001824525704153349,0.0017396537131312971,709.0,0.0
job,height_cm,0.0018073996646325277,0.00041876555830327333,590.0,0.0
height_cm,smoke_past_mean,0.0018022929444153038,0.0034277457260841132,1303.0,0.0
weight_kg,zarda_betel_past_mean,0.001794706576579103,0.0024022069077718755,616.0,0.0
prior_visit_count,smoke_past_mean,0.0017927355236287597,0.0024827515291409603,1533.0,0.0
calorie_intake_lag1,pain_killer_lag1,0.0017902965292447364,0.002613233435806936,946.0,0.0
take_medicine_lag1,urinary_infection_past_mean,0.001787390782352432,0.0023331912079229754,908.0,0.0
family_diabetes,weight_kg_past_slope,0.0017871718039608078,0.0020674383999151006,739.0,0.0
gender,bmi_current_past_mean,0.0017871544264171219,0.0019111192893761745,667.0,0.0
zarda_betel,urinary_infection,0.0017867583020519599,0.0035885165333302592,2466.0,0.0
calorie_intake,heart_disease_lag1,0.0017773781190802077,0.0020536251408569206,671.0,0.0
pain_killer_lag1,weight_kg_past_slope,0.0017763146544748111,0.0017026617787741637,664.0,0.0
follow_diet_past_mean,weight_kg_past_max,0.001775420956708421,0.0019063185025332662,536.0,0.0
walk_regularly_past_mean,calorie_intake_past_slope,0.0017741729592170268,0.0016479094754261528,649.0,0.0
heart_disease_lag1,bmi_current_past_min,0.00176859697078582,0.00214759822050837,802.0,0.0
diabetic_year,zarda_betel_past_mean,0.0017620099793278297,0.001694223106298906,549.0,0.0
weight_kg_lag1,hypertension_past_mean,0.0017577968691745126,0.0012251271312414558,565.0,0.0
follow_diet_delta1,smoke_past_mean,0.0017429922406380026,0.0022591858231021606,1064.0,0.0
sleep_sufficient,bmi_current_lag1,0.0017429802697526686,0.0012907236709577368,571.0,0.0
follow_diet,insulin_past_mean,0.001739241924518123,0.0015849233662743626,552.0,0.0
insulin,weight_kg_lag1,0.0017323489831720326,0.001334285539388686,612.0,0.0
diabetic_year,water_sufficient,0.0017312162224207585,0.001956208240706446,671.0,0.0
follow_diet,bmi_current_past_max,0.0017231493053312872,0.0012762522975357604,489.0,0.0
job,bmi_current,0.0017223934784595264,0.0010321093743230689,624.0,0.0
urinary_infection_past_mean,pain_killer_lag1,0.001711736181497256,0.0012314528170124439,422.0,0.0
calorie_intake,zarda_betel_past_mean,0.0017097349688462125,0.0019702703146632933,813.0,0.0
walk_regularly_past_mean,bmi_current_past_max,0.0017059174092886517,0.0018717081137455142,627.0,0.0
zarda_betel,bmi_current_past_slope,0.0017037657420277837,0.0016447423320472597,502.0,0.0
take_medicine,bmi_current_lag1,0.00169837074146168,0.001385849171558334,643.0,0.0
height_cm,heart_disease_past_mean,0.001694840670321876,0.0016682971755439646,580.0,0.0
water_sufficient,calorie_intake_past_slope,0.0016941629871188412,0.0011561452845012068,666.0,0.0
pain_killer,prior_visit_count,0.0016835294200718727,0.0007333470533558695,578.0,0.0
hypertension_lag1,weight_kg_past_slope,0.001683130124810079,0.0020303940533340807,698.0,0.0
heart_disease,hypertension_past_mean,0.0016754235859214983,0.0015883201382227597,546.0,0.0
hypertension_lag1,weight_kg_past_max,0.001673943691309822,0.0026787696033669555,877.0,0.0
insulin,water_sufficient,0.0016657684096518896,0.003668880933728565,2555.0,0.0
follow_diet_delta1,urinary_infection_past_mean,0.001655160271331909,0.0015024156779096312,565.0,0.0
pain_killer,insulin_past_mean,0.00165491338130065,0.0013153809935368182,655.0,0.0
diabetic_year,urination_proper_lag1,0.0016500475016094107,0.00174661411144396,758.0,0.0
zarda_betel_past_mean,bmi_current_past_slope,0.0016331355314470619,0.0012409931343002243,567.0,0.0
height_cm,follow_diet,0.001628468789980058,0.0012290548292065158,543.0,0.0
bmi_current_past_mean,hypertension_past_mean,0.0016266490473265467,0.0009672131137020524,555.0,0.0
follow_diet_past_mean,take_medicine_past_mean,0.0016245231746998385,0.0007333294670368556,576.0,0.0
diabetic_year,take_medicine_delta1,0.001624389883914858,0.0031242716040986536,1021.0,0.0
hypertension,prior_visit_count,0.0016210059634165553,0.0024423251408595115,795.0,0.0
insulin_delta1,calorie_intake_past_slope,0.0016140821868136004,0.0028400786139178803,812.0,0.0
take_medicine_past_mean,weight_kg_past_max,0.0016064692379845584,0.0013676135570651806,692.0,0.0
calorie_intake_lag1,hypertension_past_mean,0.0015816501031373574,0.0015646571099860282,663.0,0.0
urinary_infection,bmi_current_lag1,0.0015733242323314675,0.0028313475550760555,812.0,0.0
heart_disease,urinary_infection,0.0015710756871651198,0.0026680776667106342,868.0,0.0
hypertension_past_mean,urinary_infection_past_mean,0.0015686736053201523,0.0014353352434804537,635.0,0.0
pain_killer_lag1,weight_kg_past_max,0.0015534742350164121,0.0020368939174072323,909.0,0.0
job,weight_kg_past_mean,0.0015506886977903328,0.002464406222366637,867.0,0.0
smoke,bmi_current_past_slope,0.001546071209726801,0.002199316076530895,617.0,0.0
age,take_medicine_lag1,0.0015435965011852191,0.0012408370388533397,705.0,0.0
walk_regularly,sleep_sufficient_lag1,0.0015409294444866902,0.001934663093260251,933.0,0.0
diabetic_year,smoke_past_mean,0.0015380971114051932,0.0014037412650241884,628.0,0.0
bmi_current,follow_diet,0.001537782609552531,0.0022718919017861417,880.0,0.0
pain_killer_lag1,bmi_current_past_min,0.0015304527388758102,0.0009410382419767762,469.0,0.0
gender,calorie_intake_past_slope,0.0015286092689982063,0.0012238036969212055,569.0,0.0
bmi_current_delta1,urination_proper_past_mean,0.0015272076450141068,0.0017634616699573964,527.0,0.0
gender,urinary_infection_past_mean,0.00151959649746231,0.0020526810271505372,864.0,0.0
weight_kg_delta1,insulin_past_mean,0.0015194554319182163,0.0008424251549250076,635.0,0.0
hypertension_past_mean,weight_kg_past_max,0.0015177347840048374,0.0012458835098332634,624.0,0.0
bmi_current_delta1,smoke_past_mean,0.0015154623894868275,0.002255870657494154,1022.0,0.0
pain_killer,bmi_current_delta1,0.001513841272509388,0.001976323134294946,729.0,0.0
calorie_intake_lag1,urination_proper_lag1,0.0015104346968474853,0.0033145736723704795,2693.0,0.0
follow_diet_past_mean,hypertension_past_mean,0.0015077309679869294,0.0009328179134879807,631.0,0.0
prior_visit_count,follow_diet_lag1,0.001506867949372483,0.0014485225114915339,780.0,0.0
urinary_infection,weight_kg_past_min,0.0015054744117622362,0.002197283638592941,753.0,0.0
calorie_intake_past_mean,heart_disease_lag1,0.0015027060193950428,0.003360152809565433,2783.0,0.0
heart_disease,weight_kg_past_max,0.0014942553207575326,0.0015973428375237087,631.0,0.0
weight_kg_past_mean,hypertension_past_mean,0.0014909272028468495,0.000486062822615,588.0,0.0
heart_disease,weight_kg_past_min,0.0014899829543770994,0.0015274082074135994,816.0,0.0
urination_proper_lag1,calorie_intake_past_slope,0.0014798906187765617,0.0013382433954256998,663.0,0.0
weight_kg,follow_diet,0.0014764896088107075,0.0011341483162797,687.0,0.0
walk_regularly,follow_diet_delta1,0.0014710728708448892,0.0015781480507718118,751.0,0.0
prior_visit_count,urinary_infection_lag1,0.0014697626013635188,0.0020091316342506294,711.0,0.0
urinary_infection,bmi_current_past_mean,0.0014660647223333925,0.0021599351654926612,688.0,0.0
walk_regularly,water_sufficient_lag1,0.0014637594655495909,0.0012084709580974218,590.0,0.0
bmi_current_past_mean,zarda_betel_past_mean,0.0014572880515144522,0.0019059965652184739,911.0,0.0
calorie_intake,walk_regularly_lag1,0.0014569053237712517,0.0016527046886552193,905.0,0.0
job,weight_kg_lag1,0.0014546488251877142,0.0016779003077924501,781.0,0.0
family_diabetes,follow_diet,0.0014516972339787214,0.0017339816156016336,602.0,0.0
follow_diet,follow_diet_delta1,0.0014513203877042865,0.0017120488461368542,868.0,0.0
age,urination_proper_lag1,0.0014429469645700736,0.0016170050052922368,684.0,0.0
diabetic_year,walk_regularly_lag1,0.0014407890662747388,0.0014156933834278958,573.0,0.0
weight_kg_delta1,hypertension_past_mean,0.0014214287650237112,0.0013467107838379354,544.0,0.0
insulin_delta1,bmi_current_past_slope,0.0014213995728183837,0.0007046059285543677,646.0,0.0
follow_diet,calorie_intake,0.0014197808780296896,0.0015590335468953906,645.0,0.0
height_cm,hypertension_lag1,0.001410638019390633,0.0020304660335111586,918.0,0.0
weight_kg_lag1,hypertension_lag1,0.0014071826818291065,0.0018804657194906851,825.0,0.0
water_sufficient_lag1,calorie_intake_past_slope,0.0014037788553460657,0.0015277087688182352,683.0,0.0
walk_regularly_lag1,calorie_intake_past_slope,0.0014033333045281155,0.002058066813318618,916.0,0.0
calorie_intake_lag1,zarda_betel_past_mean,0.0014006252242457471,0.0023902541782035605,894.0,0.0
insulin_delta1,weight_kg_past_max,0.0013965158995098569,0.0009764733630266392,746.0,0.0
insulin,sleep_sufficient,0.0013936276569360391,0.0024569116818446714,1063.0,0.0
job,pain_killer_past_mean,0.0013929711111932892,0.001918109902488891,945.0,0.0
job,urinary_infection_past_mean,0.0013929185086030093,0.0014044956981279244,592.0,0.0
gender,insulin_past_mean,0.0013907730423950218,0.0029827939221311072,1372.0,0.0
smoke_past_mean,bmi_current_past_slope,0.0013898555115273738,0.0022210579604548205,1115.0,0.0
insulin,urinary_infection_past_mean,0.0013834163590282851,0.001694831989752922,961.0,0.0
family_diabetes,calorie_intake,0.0013798162282447001,0.001482052143472926,665.0,0.0
bmi_current_lag1,pain_killer_lag1,0.0013735662548465578,0.001071256683105428,711.0,0.0
weight_kg_past_mean,calorie_intake_past_mean,0.0013726675508972316,0.0027656068143472254,1155.0,0.0
weight_kg_delta1,weight_kg_past_min,0.0013721909882767516,0.0009461107101084176,744.0,0.0
age,take_medicine_delta1,0.001371797024272792,0.002397530499932945,971.0,0.0
age,follow_diet_lag1,0.0013715245502955269,0.001273759493596987,701.0,0.0
heart_disease,sleep_sufficient,0.0013655525909321074,0.0023808968419270966,948.0,0.0
gender,insulin_delta1,0.001358064448605261,0.0030313340367691005,2442.0,0.0
pain_killer_past_mean,weight_kg_past_min,0.001358024458524806,0.0013684178911247996,670.0,0.0
calorie_intake_lag1,urination_proper_past_mean,0.0013572339929760065,0.002256677040958978,919.0,0.0
insulin_past_mean,walk_regularly_past_mean,0.0013528453085447025,0.0022119525027867147,874.0,0.0
diabetic_year,water_sufficient_past_mean,0.0013507981434938711,0.0018449056729330205,778.0,0.0
zarda_betel_past_mean,bmi_current_past_max,0.0013458363471023514,0.0014377145237557103,736.0,0.0
calorie_intake_past_mean,take_medicine_past_mean,0.0013439180396294912,0.0015769351699090998,785.0,0.0
sleep_sufficient,bmi_current_past_slope,0.0013416265947416028,0.0008610564654936914,750.0,0.0
urinary_infection,insulin_past_mean,0.0013409190530140297,0.0025161493106333997,811.0,0.0
bmi_current,calorie_intake_past_mean,0.0013363645743214218,0.0011654350579845649,726.0,0.0
weight_kg_delta1,bmi_current_past_min,0.001326775684384387,0.0015095164273391496,874.0,0.0
follow_diet_past_mean,pain_killer_lag1,0.0013263566457244972,0.0022282995041531272,1003.0,0.0
gender,weight_kg_past_max,0.0013251263624546388,0.002762276591547759,1347.0,0.0
insulin,heart_disease,0.0013187993868545376,0.0017174326069339288,630.0,0.0
height_cm,water_sufficient_lag1,0.001311857558433716,0.0012384762241795242,640.0,0.0
family_diabetes,weight_kg_lag1,0.0013030911000616002,0.001488948349315203,917.0,0.0
family_diabetes,calorie_intake_lag1,0.0013014880441824025,0.002155203479104132,958.0,0.0
take_medicine_lag1,bmi_current_past_slope,0.001297650221082533,0.0013506055724943112,607.0,0.0
zarda_betel,weight_kg_lag1,0.0012974906670026169,0.00145595548007473,673.0,0.0
pain_killer,weight_kg_past_slope,0.0012945621817218936,0.001564568086281839,774.0,0.0
take_medicine_past_mean,bmi_current_past_min,0.0012940713741017087,0.0005245940181335831,702.0,0.0
walk_regularly,take_medicine_past_mean,0.001286907023259987,0.0014263135215490542,839.0,0.0
follow_diet_lag1,follow_diet_past_mean,0.0012844302677589444,0.0014377990653957117,737.0,0.0
heart_disease_past_mean,calorie_intake_past_slope,0.00128210130200227,0.0011918615254733478,716.0,0.0
insulin_delta1,bmi_current_past_max,0.0012808423062756905,0.0006337557680608936,647.0,0.0
follow_diet_lag1,take_medicine_lag1,0.0012748537155493865,0.002674668230556049,1210.0,0.0
zarda_betel,weight_kg_past_mean,0.0012722662867707232,0.0018213316632550876,1129.0,0.0
urination_proper_lag1,weight_kg_past_slope,0.0012636397331609133,0.0008945752905974206,809.0,0.0
bmi_current,weight_kg_delta1,0.0012608171227903996,0.0010328577420868218,713.0,0.0
insulin_past_mean,pain_killer_lag1,0.001260232452327867,0.0010313045181954748,649.0,0.0
zarda_betel,walk_regularly,0.0012570338227628646,0.002810813077714188,2468.0,0.0
weight_kg_delta1,urinary_infection_past_mean,0.0012568832661122207,0.0016700714378057918,913.0,0.0
diabetic_year,urination_proper,0.0012513413466399368,0.0011993915682801263,666.0,0.0
diabetic_year,hypertension,0.0012447650717607437,0.0014245456199679684,836.0,0.0
calorie_intake_lag1,take_medicine_lag1,0.0012395256436566692,0.0023534049178032365,1395.0,0.0
hypertension,calorie_intake_past_slope,0.0012357283311265396,0.0017766383480450941,796.0,0.0
age,pain_killer,0.001232916993799855,0.0012214185291527437,651.0,0.0
urination_proper_past_mean,calorie_intake_past_slope,0.0012313944791171759,0.0012499639093103833,884.0,0.0
zarda_betel,bmi_current_lag1,0.0012300981255891426,0.0016469591168335404,1439.0,0.0
insulin_delta1,urinary_infection_past_mean,0.001227455439771863,0.002192600462226653,1058.0,0.0
urinary_infection,weight_kg_past_max,0.0012267434606425597,0.0021552445271079634,819.0,0.0
job,bmi_current_past_mean,0.0012230598498186253,0.0010314420824345605,742.0,0.0
sleep_sufficient,bmi_current_past_max,0.001220150692355518,0.0006489825755874376,605.0,0.0
family_diabetes,bmi_current_lag1,0.0012164718315892033,0.0008395412551865495,733.0,0.0
weight_kg_past_mean,zarda_betel_past_mean,0.0012116000589906318,0.0016070485488414831,891.0,0.0
water_sufficient,bmi_current_delta1,0.0012078816853737695,0.00127222339617084,688.0,0.0
walk_regularly,calorie_intake_past_mean,0.00120597473606471,0.001539969330210662,981.0,0.0
follow_diet,hypertension_past_mean,0.0012054985594514866,0.0012861822308970598,790.0,0.0
diabetic_year,insulin_lag1,0.0012029459967615578,0.0025095455344363174,1181.0,0.0
take_medicine_lag1,take_medicine_past_mean,0.0011983057062125403,0.002679493016917132,1425.0,0.0
weight_kg,hypertension_lag1,0.0011957580717427475,0.0017758911396874957,826.0,0.0
diabetic_year,take_medicine_lag1,0.0011923551194849913,0.001017855615958179,877.0,0.0
calorie_intake_past_mean,bmi_current_past_max,0.0011906268018656784,0.002312048140221439,1082.0,0.0
heart_disease,take_medicine_lag1,0.0011892078959160521,0.001710939124703895,951.0,0.0
walk_regularly,take_medicine_lag1,0.0011886787898522874,0.0015922004037801853,1419.0,0.0
weight_kg_lag1,weight_kg_delta1,0.00118394959182764,0.0006990330900034151,734.0,0.0
gender,bmi_current_past_slope,0.0011815717453181808,0.001185230389076417,824.0,0.0
smoke,bmi_current_delta1,0.0011744235609681074,0.0013242596762973566,596.0,0.0
take_medicine_past_mean,insulin_past_mean,0.0011700654450933997,0.0010912046754094306,610.0,0.0
weight_kg_past_mean,hypertension_lag1,0.001169506245759382,0.0019246477115457405,1200.0,0.0
sleep_sufficient,bmi_current_past_mean,0.001167940828557191,0.0009881046621541872,697.0,0.0
calorie_intake,urination_proper_past_mean,0.0011659358952157716,0.0015819997807731499,784.0,0.0
water_sufficient,walk_regularly,0.0011656560884150571,0.0015761568253395844,1223.0,0.0
job,pain_killer_lag1,0.0011655969547733733,0.002606354025240011,1946.0,0.0
gender,bmi_current,0.0011652983025280867,0.0011705636121547263,671.0,0.0
take_medicine_past_mean,pain_killer_past_mean,0.00116420684480911,0.0008276583542706833,711.0,0.0
bmi_current_past_mean,calorie_intake_past_mean,0.0011629025672174552,0.0011913168632766546,944.0,0.0
calorie_intake_past_mean,calorie_intake_past_slope,0.0011621227382305165,0.0012574610203025948,799.0,0.0
bmi_current_delta1,zarda_betel_past_mean,0.0011607757736617744,0.0009159972556256338,567.0,0.0
heart_disease,pain_killer_past_mean,0.001152018010262772,0.0009957131448888753,714.0,0.0
job,bmi_current_past_min,0.0011491842313421452,0.0010853287716908982,725.0,0.0
weight_kg,sleep_sufficient_lag1,0.0011460560050082025,0.0019021390849425907,1207.0,0.0
walk_regularly,hypertension_past_mean,0.0011419312877258472,0.0006492679579321617,601.0,0.0
weight_kg_lag1,pain_killer_lag1,0.0011413035427485347,0.0007321815951658408,634.0,0.0
urinary_infection_lag1,calorie_intake_past_slope,0.0011346082648217343,0.0019260740473795038,1114.0,0.0
job,bmi_current_past_max,0.001132230878975534,0.000824546341444153,829.0,0.0
take_medicine_past_mean,urinary_infection_lag1,0.0011320991424713898,0.002243430908980804,1355.0,0.0
bmi_current_delta1,walk_regularly_past_mean,0.0011313683899773362,0.001607213376700202,754.0,0.0
weight_kg,insulin_delta1,0.0011234607184663157,0.0012915586498977753,905.0,0.0
follow_diet_delta1,urination_proper_lag1,0.001117937848184486,0.0016934605382421053,831.0,0.0
age,hypertension,0.0011161890681811197,0.001334186217046499,988.0,0.0
water_sufficient_lag1,weight_kg_past_slope,0.001108669431660527,0.0008240123576866715,562.0,0.0
hypertension_lag1,bmi_current_past_max,0.0011085631436605562,0.0011864775009814772,796.0,0.0
sleep_sufficient_lag1,weight_kg_past_slope,0.0011079209387644467,0.0008969792188121117,845.0,0.0
family_diabetes,bmi_current_past_min,0.0011062400278770371,0.0018894057483062185,1227.0,0.0
take_medicine_past_mean,heart_disease_lag1,0.001102948490252748,0.0022249987255783883,1160.0,0.0
take_medicine,pain_killer_past_mean,0.0010994225119483566,0.0019684209131388677,1122.0,0.0
walk_regularly,weight_kg_delta1,0.0010975471271372976,0.0012173975382161093,759.0,0.0
family_diabetes,heart_disease,0.0010903345147058453,0.0006544611816929377,650.0,0.0
walk_regularly,follow_diet_past_mean,0.0010877438207402147,0.0010657933064869883,728.0,0.0
urinary_infection,hypertension_past_mean,0.0010856840398724696,0.0018180573789048549,1248.0,0.0
zarda_betel_past_mean,weight_kg_past_slope,0.0010837392994641822,0.00110835636579723,700.0,0.0
walk_regularly,smoke_lag1,0.0010743733453328,0.002300653424108603,2301.0,0.0
weight_kg_past_mean,smoke_past_mean,0.0010698892072392731,0.0014184846526281158,1405.0,0.0
job,calorie_intake_lag1,0.0010687905145155647,0.001515212741540083,860.0,0.0
urination_proper,follow_diet_past_mean,0.001062559400230796,0.0015751181936292029,2183.0,0.0
calorie_intake,walk_regularly_past_mean,0.0010590074197448813,0.0017600331554467037,1204.0,0.0
family_diabetes,sleep_sufficient_lag1,0.0010578492947896192,0.001868498196245545,1378.0,0.0
age,walk_regularly_past_mean,0.0010520426781642873,0.001453357814568252,902.0,0.0
height_cm,smoke,0.0010463407814902325,0.0016801554811325641,919.0,0.0
heart_disease,urinary_infection_past_mean,0.0010453499566011608,0.0011523355329351357,934.0,0.0
gender,walk_regularly,0.0010431158487176173,0.0019139046575904813,1151.0,0.0
calorie_intake_past_mean,urinary_infection_lag1,0.0010394861454235994,0.0023243616828364003,2806.0,0.0
job,follow_diet_past_mean,0.0010394836933024973,0.001369057234096874,917.0,0.0
sleep_sufficient_lag1,calorie_intake_past_slope,0.001038787986266599,0.0007213711975946164,699.0,0.0
bmi_current,take_medicine,0.0010346845369980937,0.0007444972995002296,669.0,0.0
insulin,insulin_past_mean,0.001032339206217443,0.0014140664633350809,2639.0,0.0
weight_kg_delta1,pain_killer_past_mean,0.0010309960016014245,0.0008413600150005014,828.0,0.0
sleep_sufficient,urinary_infection_past_mean,0.0010254487691485528,0.0008403641119674473,837.0,0.0
zarda_betel,bmi_current_past_mean,0.001022178530315527,0.001056570214432614,899.0,0.0
hypertension_lag1,calorie_intake_past_slope,0.0010205750155011834,0.0014550620502178204,832.0,0.0
insulin,weight_kg_delta1,0.0010156830686216174,0.0013014973252952848,735.0,0.0
age,sleep_sufficient_past_mean,0.0010156298758205878,0.0007811461354215892,681.0,0.0
weight_kg,heart_disease_past_mean,0.001012119612682028,0.0016075207222446333,1020.0,0.0
take_medicine_past_mean,hypertension_past_mean,0.0010085711514167626,0.00126030085699142,911.0,0.0
job,smoke_past_mean,0.0010083461297224288,0.0015483856439741262,955.0,0.0
family_diabetes,calorie_intake_past_mean,0.0010040219947985267,0.001971389520731,1144.0,0.0
weight_kg_past_mean,follow_diet_lag1,0.0010016451153535243,0.001705219373006339,936.0,0.0
bmi_current_past_mean,pain_killer_lag1,0.0010008965826340834,0.0008466266338549234,661.0,0.0
calorie_intake_past_mean,follow_diet_delta1,0.0010007333838521512,0.001015407702099303,748.0,0.0
urinary_infection,take_medicine_past_mean,0.0010001588942688939,0.0007643184201528972,647.0,0.0
weight_kg_delta1,heart_disease_past_mean,0.0009993359035501263,0.002077536908222651,2460.0,0.0
height_cm,take_medicine_lag1,0.0009929021385758207,0.0011302417764309715,932.0,0.0
bmi_current,insulin_delta1,0.0009919968523159266,0.0012630492598510144,971.0,0.0
zarda_betel,follow_diet_delta1,0.000991149231600446,0.0017766272952943168,2329.0,0.0
sleep_sufficient,walk_regularly,0.0009869844627924374,0.0016099369625231586,957.0,0.0
gender,heart_disease,0.000985221672847423,0.0013520657787476058,999.0,0.0
calorie_intake_lag1,heart_disease_past_mean,0.0009825177013370872,0.0021969763692865625,2738.0,0.0
prior_visit_count,take_medicine_lag1,0.0009809196229703134,0.0009022653791111998,716.0,0.0
follow_diet,weight_kg_past_mean,0.0009797226597011285,0.0009076883066076087,630.0,0.0
age,urination_proper,0.0009761473749741928,0.0015042675726772018,822.0,0.0
bmi_current_delta1,insulin_delta1,0.0009726945373142879,0.00035661944295284137,721.0,0.0
follow_diet,bmi_current_lag1,0.0009711690869286645,0.0008362245819978124,718.0,0.0
diabetic_year,urination_proper_past_mean,0.0009636585495389762,0.0014516685914643197,1008.0,0.0
water_sufficient,weight_kg_past_max,0.0009626343348272028,0.0016135815185580578,960.0,0.0
family_diabetes,take_medicine,0.0009606159339783386,0.0014387586926912998,865.0,0.0
follow_diet_past_mean,urination_proper_lag1,0.000960540591992171,0.0009224107600967318,730.0,0.0
calorie_intake_past_mean,bmi_current_past_slope,0.0009603233976890849,0.0012859679570133512,928.0,0.0
height_cm,zarda_betel_past_mean,0.0009591349412696164,0.001453639600977967,861.0,0.0
job,bmi_current_lag1,0.000952653293329933,0.0008360166399206967,856.0,0.0
family_diabetes,urinary_infection,0.0009511860723919012,0.001485564605940572,1096.0,0.0
insulin,pain_killer_past_mean,0.0009506922482316946,0.0010245008344263054,823.0,0.0
follow_diet_delta1,hypertension_past_mean,0.0009467021938020234,0.0012865880884116987,742.0,0.0
family_diabetes,urinary_infection_past_mean,0.000942621178202209,0.001410939726844777,1219.0,0.0
smoke_past_mean,weight_kg_past_slope,0.0009382659382114269,0.0008378737436253693,833.0,0.0
weight_kg,weight_kg_delta1,0.0009340023026497935,0.0007250229559192056,693.0,0.0
job,weight_kg_past_min,0.0009321382360125225,0.0013009293588822368,905.0,0.0
hypertension_past_mean,weight_kg_past_min,0.0009285775324650967,0.0005098549986530776,728.0,0.0
zarda_betel,weight_kg_past_min,0.0009282688655460538,0.0011884809281227187,785.0,0.0
heart_disease_past_mean,weight_kg_past_slope,0.0009265420011905893,0.0016080851400718799,1168.0,0.0
weight_kg_delta1,follow_diet_past_mean,0.0009234452287495188,0.0005840423139555157,737.0,0.0
sleep_sufficient,pain_killer_past_mean,0.0009209241628703599,0.0007872873418555904,835.0,0.0
sleep_sufficient,take_medicine_lag1,0.0009099131274635828,0.0017680082500037878,2211.0,0.0
smoke_past_mean,pain_killer_past_mean,0.0009080689844116465,0.0015476762584648836,849.0,0.0
age,water_sufficient_lag1,0.0009047005566965207,0.0011166144600451887,803.0,0.0
bmi_current_past_mean,take_medicine_lag1,0.0009031188432982477,0.0009230507839928344,901.0,0.0
take_medicine,urinary_infection_past_mean,0.0008990911391324678,0.0007754379160220144,932.0,0.0
follow_diet_lag1,follow_diet_delta1,0.0008967558781304563,0.0014082631654578474,1236.0,0.0
heart_disease,water_sufficient_lag1,0.0008891906769536708,0.0018888535468160475,2552.0,0.0
height_cm,urination_proper_lag1,0.0008888797075852052,0.000972198731209133,841.0,0.0
diabetic_year,smoke,0.0008864554892297099,0.0015526819271577163,1126.0,0.0
age,walk_regularly_lag1,0.0008844300200435137,0.0007249828979818003,873.0,0.0
heart_disease,walk_regularly_past_mean,0.0008842543990679557,0.0010973355681326907,768.0,0.0
bmi_current,pain_killer_lag1,0.0008837253712396123,0.0007269973926977256,911.0,0.0
prior_visit_count,urination_proper_past_mean,0.0008836127767616386,0.0007024303220376239,864.0,0.0
sleep_sufficient_lag1,weight_kg_past_min,0.000877250961707427,0.0019615927837048717,1971.0,0.0
weight_kg_delta1,weight_kg_past_max,0.0008745582389520334,0.0008825234144187142,783.0,0.0
follow_diet,weight_kg_past_min,0.0008702574432875393,0.0007858644686653101,688.0,0.0
hypertension_lag1,bmi_current_past_min,0.0008676545492583175,0.001081313999577423,923.0,0.0
height_cm,walk_regularly_lag1,0.0008655683794694249,0.0009703015799092581,794.0,0.0
urination_proper,insulin_past_mean,0.0008613899535088974,0.001809283687332058,2281.0,0.0
bmi_current,smoke_past_mean,0.0008576832620577513,0.0015096188613616104,1283.0,0.0
follow_diet_lag1,weight_kg_past_min,0.0008571813048236295,0.0011261374614932704,1009.0,0.0
follow_diet_delta1,zarda_betel_past_mean,0.0008514700713919493,0.0013148081218099632,867.0,0.0
urination_proper,bmi_current_past_max,0.0008509577931979703,0.0009808077383410645,859.0,0.0
family_diabetes,insulin,0.0008430055886259764,0.0014807448223902436,1191.0,0.0
weight_kg_past_mean,take_medicine_lag1,0.0008419002897259732,0.0007868243162671143,945.0,0.0
weight_kg_past_mean,insulin_delta1,0.0008396980850295425,0.0007812014200463841,769.0,0.0
pain_killer,bmi_current_past_slope,0.0008338845626863633,0.0014415028362885472,948.0,0.0
walk_regularly_lag1,bmi_current_past_min,0.0008287844722391774,0.0009695105831547151,1027.0,0.0
job,hypertension_past_mean,0.0008191935201198265,0.0005843063539810984,863.0,0.0
prior_visit_count,take_medicine_delta1,0.0008172370991909362,0.0014228473278356543,1109.0,0.0
bmi_current_delta1,urinary_infection_lag1,0.0008150986217712777,0.0007942948940278337,718.0,0.0
calorie_intake,hypertension_lag1,0.0008148248764999977,0.0007925866780736534,806.0,0.0
weight_kg_past_mean,heart_disease_past_mean,0.0008135083308095023,0.0010152812049342437,1079.0,0.0
insulin,bmi_current_past_mean,0.0008068560397125948,0.0008565139692379922,754.0,0.0
urination_proper_lag1,urinary_infection_past_mean,0.0008059810944002413,0.0010234891925981538,998.0,0.0
bmi_current_past_mean,heart_disease_lag1,0.0008045311410373037,0.0009811031048325993,1017.0,0.0
water_sufficient_lag1,bmi_current_past_max,0.0007982234506878688,0.0006294396699910687,788.0,0.0
urination_proper,bmi_current_past_slope,0.0007928309103947534,0.0013874636962399917,1241.0,0.0
follow_diet,heart_disease,0.0007900041122986918,0.001186118040660691,798.0,0.0
heart_disease_past_mean,urinary_infection_past_mean,0.0007888715208868626,0.0012874663435666345,994.0,0.0
insulin_delta1,insulin_past_mean,0.0007874286594543895,0.0007092329427876748,800.0,0.0
take_medicine,weight_kg_lag1,0.0007873307637177382,0.0006327133813504069,833.0,0.0
height_cm,urination_proper_past_mean,0.0007871886995901014,0.0007586323414242946,767.0,0.0
weight_kg_lag1,heart_disease_lag1,0.000785548946084125,0.001439835542812133,1054.0,0.0
heart_disease_lag1,urination_proper_lag1,0.0007850935202735269,0.0017555224800262156,1668.0,0.0
diabetic_year,calorie_intake_past_min,0.000781011603998961,0.0012224956396778574,1280.0,0.0
gender,pain_killer_past_mean,0.000778281762973243,0.0016216741104035197,1656.0,0.0
heart_disease,pain_killer,0.000775462563212848,0.001151452522556064,885.0,0.0
age,zarda_betel_past_mean,0.0007683644407588107,0.0008739671873990578,751.0,0.0
hypertension_lag1,hypertension_past_mean,0.0007630973596899482,0.0010449253272901643,1307.0,0.0
pain_killer,bmi_current_past_mean,0.0007574747356712318,0.0014303937802385063,2275.0,0.0
heart_disease_lag1,weight_kg_past_slope,0.0007557972233748687,0.0007646619866782976,970.0,0.0
insulin,follow_diet_delta1,0.000755501621755542,0.0013601603844914357,1272.0,0.0
take_medicine,weight_kg_past_mean,0.0007540569382422031,0.0007616380504026651,871.0,0.0
take_medicine,weight_kg_past_max,0.0007513125038416536,0.0009840156553117597,1133.0,0.0
urinary_infection_lag1,bmi_current_past_max,0.0007487066006701141,0.0005765017405543033,733.0,0.0
follow_diet_past_mean,smoke_past_mean,0.0007485741415857118,0.001307462014609785,1129.0,0.0
take_medicine_lag1,weight_kg_past_max,0.000747680802997557,0.0010240909978879783,1307.0,0.0
heart_disease,pain_killer_lag1,0.0007457725159945786,0.0007398067128726526,869.0,0.0
weight_kg,heart_disease_lag1,0.0007456032638383638,0.0010544775967335056,814.0,0.0
job,urination_proper_lag1,0.00074480305097498,0.0015404986950314774,1867.0,0.0
urinary_infection,follow_diet_delta1,0.0007446343635268873,0.0004962143342727644,817.0,0.0
bmi_current_lag1,water_sufficient_lag1,0.0007419937042026775,0.001178197605882955,910.0,0.0
gender,age,0.0007412853897364012,0.0006860653610524694,764.0,0.0
sleep_sufficient,hypertension_past_mean,0.000740388154218333,0.0010915510067306595,1005.0,0.0
pain_killer,bmi_current_lag1,0.0007362859288119564,0.0009030643885723151,1004.0,0.0
walk_regularly_past_mean,bmi_current_past_slope,0.0007349008896271741,0.0008984720461756466,851.0,0.0
heart_disease,sleep_sufficient_past_mean,0.0007343491369053649,0.0013637106780465165,2551.0,0.0
zarda_betel_past_mean,calorie_intake_past_slope,0.0007338670380296555,0.0010677617877925783,1135.0,0.0
follow_diet,calorie_intake_lag1,0.0007337094323637269,0.0013989686447936156,1251.0,0.0
walk_regularly,zarda_betel_past_mean,0.0007323368872029013,0.0010652624459153387,1024.0,0.0
take_medicine,calorie_intake,0.0007318745091858413,0.0007539504832704565,909.0,0.0
follow_diet_lag1,bmi_current_past_slope,0.0007305894246836587,0.0006381110802890991,788.0,0.0
height_cm,water_sufficient,0.0007277525922767602,0.0007886162861260816,735.0,0.0
job,insulin_past_mean,0.0007271137973136863,0.0004801397752124267,855.0,0.0
bmi_current_lag1,urinary_infection_lag1,0.0007261566989824525,0.001084273353170976,891.0,0.0
bmi_current_lag1,insulin_delta1,0.000725673586769901,0.0005097162051450247,797.0,0.0
urinary_infection_lag1,bmi_current_past_slope,0.000725065989607975,0.0010587111196980164,2385.0,0.0
follow_diet,weight_kg_lag1,0.0007228067247294866,0.000713634324646348,809.0,0.0
gender,weight_kg_past_slope,0.0007202956652343944,0.0003399501704568926,831.0,0.0
insulin_past_mean,heart_disease_past_mean,0.0007146390105127399,0.0008881744086208579,827.0,0.0
bmi_current_delta1,sleep_sufficient_lag1,0.0007140491102497499,0.00037548124812535874,845.0,0.0
zarda_betel,calorie_intake,0.0007138703220642247,0.001081697288678364,1051.0,0.0
weight_kg,walk_regularly_lag1,0.0007129940945638626,0.0009777037422597364,949.0,0.0
follow_diet_delta1,heart_disease_lag1,0.0007090264958845154,0.000749041546088018,742.0,0.0
take_medicine,calorie_intake_past_slope,0.0007088831175961584,0.0005428235936027324,830.0,0.0
urination_proper,weight_kg_past_slope,0.0007076508218752296,0.001401585132183228,1237.0,0.0
bmi_current,heart_disease_past_mean,0.0007050342437591452,0.0006816048386665012,791.0,0.0
walk_regularly,urinary_infection,0.0007047194049430205,0.0014186890025277236,2244.0,0.0
family_diabetes,weight_kg_past_min,0.0006997415654637067,0.0008331079458250415,958.0,0.0
bmi_current_past_mean,sleep_sufficient_lag1,0.0006990691646295101,0.0009308450781817507,1325.0,0.0
weight_kg_lag1,take_medicine_lag1,0.000698652948571601,0.0013186619172585027,1162.0,0.0
calorie_intake_past_mean,hypertension_past_mean,0.0006982935198985587,0.0012470283399076756,2708.0,0.0
prior_visit_count,insulin_lag1,0.0006960107658571746,0.0005745147557134752,892.0,0.0
take_medicine_lag1,weight_kg_past_slope,0.0006929730391586168,0.0006420952349730132,935.0,0.0
age,urinary_infection_lag1,0.0006913861271675582,0.0007190935243067458,879.0,0.0
weight_kg,sleep_sufficient,0.000689692493925936,0.0005398232600659417,763.0,0.0
hypertension_past_mean,urinary_infection_lag1,0.000687365916063491,0.0014831441370722514,1380.0,0.0
insulin_delta1,bmi_current_past_min,0.0006868331206935456,0.0004694690031414218,849.0,0.0
gender,calorie_intake,0.0006859263415566989,0.0007357477562264378,714.0,0.0
sleep_sufficient_past_mean,weight_kg_past_slope,0.0006850170735843978,0.0008858939666588914,814.0,0.0
weight_kg_lag1,insulin_lag1,0.0006843659655466995,0.0014532239085681424,2290.0,0.0
weight_kg,take_medicine,0.0006815006945967456,0.001027533609290625,1043.0,0.0
urinary_infection,weight_kg_delta1,0.0006795157482365472,0.0011996730188596982,2195.0,0.0
weight_kg_lag1,calorie_intake_past_mean,0.0006771736422933971,0.0007967021026035079,1123.0,0.0
heart_disease,zarda_betel_lag1,0.0006761922695184423,0.00143813980943762,2440.0,0.0
insulin,take_medicine_past_mean,0.000675578700698005,0.000652584578517275,912.0,0.0
weight_kg_delta1,take_medicine_past_mean,0.0006749148277462186,0.0010067039755922798,939.0,0.0
pain_killer,weight_kg_lag1,0.0006715704176113407,0.0010681545405159918,1552.0,0.0
insulin,weight_kg_past_min,0.0006709952453882257,0.0010729489414344126,1074.0,0.0
walk_regularly,urination_proper_past_mean,0.0006690251170405307,0.0014959856403573796,2305.0,0.0
sleep_sufficient,calorie_intake,0.0006687412522562925,0.00045450257365019844,930.0,0.0
urination_proper,calorie_intake,0.000663239415035833,0.0004449320436272857,865.0,0.0
sleep_sufficient_lag1,pain_killer_past_mean,0.0006623059132788893,0.000947796340382534,770.0,0.0
walk_regularly,heart_disease_past_mean,0.0006610940678538394,0.0013632782269092471,2267.0,0.0
age,insulin_lag1,0.000660695582068619,0.0009956131163639105,1346.0,0.0
height_cm,zarda_betel,0.0006570770650470818,0.0012468576163460804,1354.0,0.0
insulin_past_mean,heart_disease_lag1,0.0006570632900808636,0.0010241002387127993,938.0,0.0
zarda_betel_lag1,bmi_current_past_max,0.0006564193028664488,0.0012093808556903304,1166.0,0.0
calorie_intake_lag1,urinary_infection_lag1,0.0006563058813435923,0.0013315833469480702,2702.0,0.0
bmi_current_lag1,zarda_betel_past_mean,0.0006549754767822696,0.0007106866892000466,858.0,0.0
smoke,weight_kg_past_slope,0.0006549256896630872,0.0010597839219549667,869.0,0.0
urinary_infection,pain_killer_lag1,0.0006527591882959514,0.0011016851540507741,2268.0,0.0
urination_proper_lag1,weight_kg_past_min,0.0006502686912753541,0.0006719832421200517,836.0,0.0
follow_diet,walk_regularly,0.0006464070914699487,0.0008830279930703218,1101.0,0.0
sleep_sufficient,bmi_current_past_min,0.0006456211373599018,0.00045879844923168826,897.0,0.0
water_sufficient_lag1,bmi_current_past_slope,0.0006439331366606596,0.0006470693592921967,935.0,0.0
sleep_sufficient,weight_kg_past_min,0.0006401540377709753,0.0005942212232291654,841.0,0.0
take_medicine,zarda_betel_lag1,0.0006385639220609485,0.0014278723377071584,2810.0,0.0
hypertension,bmi_current_lag1,0.0006384728569559475,0.0008246955096429489,1211.0,0.0
take_medicine_delta1,calorie_intake_past_slope,0.0006366049182075634,0.0011183145369627703,1058.0,0.0
sleep_sufficient,weight_kg_past_mean,0.0006336627168922695,0.0006714970827182748,959.0,0.0
age,smoke,0.0006327923666667671,0.0008765758632673867,1151.0,0.0
sleep_sufficient_lag1,bmi_current_past_max,0.0006322752080532674,0.0007814187439029223,965.0,0.0
take_medicine,hypertension_past_mean,0.0006292229380059502,0.0004482688233067838,829.0,0.0
family_diabetes,follow_diet_past_mean,0.0006291654159657457,0.0006484081636022854,949.0,0.0
insulin_delta1,pain_killer_past_mean,0.0006287341453734467,0.0009270219715638313,987.0,0.0
bmi_current_past_mean,insulin_delta1,0.0006265940960600662,0.0006149929668861296,918.0,0.0
zarda_betel,bmi_current_past_min,0.0006261492169461169,0.0007485391426404303,1147.0,0.0
hypertension_past_mean,walk_regularly_past_mean,0.0006247579059818873,0.000989734342934513,1067.0,0.0
calorie_intake,sleep_sufficient_lag1,0.000624713492100697,0.0008365824386834649,1068.0,0.0
take_medicine,follow_diet_past_mean,0.0006235971668899486,0.001306137955806001,2590.0,0.0
follow_diet_past_mean,heart_disease_lag1,0.0006229193069197656,0.0010553727395470939,1197.0,0.0
take_medicine,weight_kg_past_min,0.0006226704303405236,0.0010183482126563176,1082.0,0.0
smoke,prior_visit_count,0.0006223574887182511,0.0003010549441063956,800.0,0.0
sleep_sufficient,weight_kg_delta1,0.0006222170790129388,0.00021060143697413744,832.0,0.0
calorie_intake,calorie_intake_past_mean,0.0006215050217465407,0.0007009631693825677,938.0,0.0
prior_visit_count,urination_proper_lag1,0.0006201786271399986,0.0005278621407878209,901.0,0.0
heart_disease_lag1,urination_proper_past_mean,0.0006157409836875971,0.0013768386960580565,1649.0,0.0
bmi_current,follow_diet_lag1,0.0006136112244034746,0.0004738233317779269,918.0,0.0
take_medicine_past_mean,pain_killer_lag1,0.0006132158852833905,0.0009551295126840779,1146.0,0.0
bmi_current_lag1,urination_proper_lag1,0.0006130909606355191,0.0010203152316861836,1197.0,0.0
heart_disease,urination_proper_lag1,0.0006123526620398351,0.0007216542832649747,1111.0,0.0
weight_kg_delta1,calorie_intake_past_mean,0.0006121790027728678,0.0010299308602943601,1489.0,0.0
gender,follow_diet_delta1,0.0006121326169185178,0.0011307766702414368,1336.0,0.0
take_medicine,pain_killer_lag1,0.0006112490218416907,0.0005843361224900192,886.0,0.0
gender,weight_kg_delta1,0.0006111292398197962,0.00101963252268786,2433.0,0.0
bmi_current_lag1,walk_regularly_lag1,0.0006094889653203266,0.0004964584680313826,974.0,0.0
insulin_lag1,calorie_intake_past_slope,0.000608446253956811,0.0005352392071646328,808.0,0.0
follow_diet_past_mean,take_medicine_lag1,0.000605792550622862,0.0012363623615547683,1233.0,0.0
calorie_intake_lag1,hypertension_lag1,0.0006055584012875553,0.0012845795535707497,2742.0,0.0
family_diabetes,walk_regularly,0.0006020568751035993,0.0008305359505199582,984.0,0.0
walk_regularly_past_mean,bmi_current_past_min,0.0006020066170295344,0.0005761742134787203,834.0,0.0
follow_diet_lag1,calorie_intake_past_slope,0.0005987105447752092,0.000805808739670406,1140.0,0.0
insulin,pain_killer,0.0005973377586782447,0.0008223118546599452,2588.0,0.0
job,urinary_infection,0.0005971332883316509,0.0008428415104118372,782.0,0.0
insulin,zarda_betel,0.0005968804672752337,0.0013346652992692614,2741.0,0.0
smoke_past_mean,weight_kg_past_max,0.0005961680997008704,0.0009563611873318237,1557.0,0.0
calorie_intake,insulin_delta1,0.0005947603645432222,0.0003882874768664358,1036.0,0.0
smoke_past_mean,bmi_current_past_min,0.0005941957090117752,0.0008236810491037491,1507.0,0.0
hypertension_past_mean,heart_disease_lag1,0.0005927653372536477,0.000851832254087079,928.0,0.0
insulin_lag1,insulin_past_mean,0.0005925155420677733,0.0013249050297886773,1558.0,0.0
age,water_sufficient,0.0005923318844069049,0.0006868076254807925,861.0,0.0
heart_disease_past_mean,bmi_current_past_slope,0.0005914214503059551,0.00071789504573866,1072.0,0.0
walk_regularly,pain_killer_lag1,0.0005907997519809477,0.0006387060574410831,1068.0,0.0
sleep_sufficient_lag1,bmi_current_past_slope,0.0005902564801696268,0.0006706871154143906,1006.0,0.0
follow_diet_past_mean,sleep_sufficient_lag1,0.0005859684784471654,0.0006808957095292142,1221.0,0.0
follow_diet_lag1,weight_kg_past_max,0.0005853720534903951,0.0009551202604199668,1173.0,0.0
pain_killer,calorie_intake,0.0005849823409269045,0.0006377765151681256,842.0,0.0
calorie_intake_lag1,smoke_past_mean,0.0005832802631954256,0.000904499767269004,2662.0,0.0
follow_diet,hypertension,0.0005830189309764974,0.0012340868879372967,1634.0,0.0
follow_diet,bmi_current_past_mean,0.0005820284820559745,0.0006310506462375171,899.0,0.0
bmi_current,urination_proper,0.0005806579483026537,0.0008992976107804872,908.0,0.0
family_diabetes,zarda_betel,0.0005795062720715235,0.0012958154177394145,1752.0,0.0
sleep_sufficient_past_mean,pain_killer_past_mean,0.0005784528756420734,0.0008015538981031386,1988.0,0.0
pain_killer,weight_kg_past_min,0.0005773564302745145,0.0008558214082479476,850.0,0.0
weight_kg,pain_killer,0.0005772680045526824,0.0007047752899054353,979.0,0.0
diabetic_year,zarda_betel_lag1,0.0005770712351937818,0.0006701629629307837,1085.0,0.0
zarda_betel,sleep_sufficient_past_mean,0.0005769706873767957,0.001290145677999295,2444.0,0.0
prior_visit_count,insulin_delta1,0.0005762500009211539,0.0005415666969772063,856.0,0.0
family_diabetes,bmi_current_past_mean,0.0005757951108894318,0.0005454891180880794,924.0,0.0
urination_proper_past_mean,weight_kg_past_slope,0.0005727986868036079,0.0005140590748724092,817.0,0.0
bmi_current_lag1,calorie_intake_past_mean,0.0005701740046862851,0.0006286151171823038,968.0,0.0
sleep_sufficient_lag1,bmi_current_past_min,0.000569096419624034,0.0009880618102315198,1222.0,0.0
job,insulin,0.0005664268150087444,0.0008820305199726227,1116.0,0.0
prior_visit_count,calorie_intake_past_min,0.0005640578991332901,0.0007266073828339269,1196.0,0.0
bmi_current_past_mean,walk_regularly_past_mean,0.000563384752144697,0.0010569583828647102,2749.0,0.0
diabetic_year,smoke_lag1,0.000560772351251542,0.0005469784874693162,975.0,0.0
bmi_current_past_mean,sleep_sufficient_past_mean,0.0005571470443246198,0.0010380422437836717,2670.0,0.0
take_medicine,bmi_current_past_max,0.0005535290945341551,0.00025668228463409705,896.0,0.0
insulin_lag1,smoke_past_mean,0.0005523982576386838,0.0010064441551245367,1008.0,0.0
diabetic_year,insulin_delta1,0.0005511151138328608,0.000313016358655431,857.0,0.0
heart_disease,zarda_betel_past_mean,0.0005482322279194666,0.0006768913857611355,1013.0,0.0
urinary_infection,hypertension_lag1,0.0005450981803997409,0.0006374579314399188,1083.0,0.0
pain_killer_lag1,weight_kg_past_min,0.0005437461657633823,0.0005167273946750849,969.0,0.0
bmi_current_past_mean,heart_disease_past_mean,0.0005413411566004394,0.00012091361428266613,904.0,0.0
smoke,walk_regularly,0.0005408861708126939,0.0006654221876450653,1292.0,0.0
pain_killer,weight_kg_past_mean,0.0005407293413333723,0.0009707834619047621,2276.0,0.0
weight_kg_past_mean,heart_disease_lag1,0.0005393558709455965,0.0007354867915014619,879.0,0.0
follow_diet,weight_kg_past_max,0.0005375421257554792,0.0004984600572640075,887.0,0.0
bmi_current,zarda_betel_past_mean,0.0005358979835471567,0.0005655813896643343,1032.0,0.0
bmi_current,walk_regularly_lag1,0.0005338395185533306,0.0007285540033025544,1141.0,0.0
bmi_current_lag1,hypertension_lag1,0.0005334902176969316,0.0005681355322591846,1086.0,0.0
hypertension,bmi_current_past_max,0.0005333009752556775,0.0005945912394441637,871.0,0.0
calorie_intake_past_mean,insulin_past_mean,0.0005291481346675049,0.0009512279226061506,1363.0,0.0
calorie_intake,urinary_infection_lag1,0.0005256139222846878,0.0007360682988261182,964.0,0.0
urination_proper,bmi_current_delta1,0.0005243278561867956,0.0008915493982980302,1198.0,0.0
bmi_current,walk_regularly_past_mean,0.0005236019259349274,0.0007828327979732308,1663.0,0.0
calorie_intake,heart_disease_past_mean,0.0005200066643375598,0.0005376198950050474,778.0,0.0
height_cm,follow_diet_lag1,0.0005143471557625314,0.0004036382152172488,859.0,0.0
follow_diet_delta1,hypertension_lag1,0.0005134408280732821,0.00047617749500032474,883.0,0.0
insulin_lag1,urinary_infection_past_mean,0.0005119155979557288,0.0009597549771446534,1333.0,0.0
bmi_current_lag1,heart_disease_lag1,0.0005105566517319012,0.0006607151886356277,1200.0,0.0
prior_visit_count,zarda_betel_lag1,0.0005074848700953596,0.0005216247782679763,942.0,0.0
sleep_sufficient,weight_kg_past_max,0.0005070158124965953,0.000381220183429717,927.0,0.0
follow_diet_delta1,walk_regularly_past_mean,0.0005042370262051045,0.0006334928464241072,989.0,0.0
insulin_delta1,weight_kg_past_min,0.0005021512572558899,0.0005649546931026154,900.0,0.0
take_medicine,walk_regularly,0.0005020759152614399,0.0004775289905033856,961.0,0.0
calorie_intake,follow_diet_lag1,0.0004991773626541234,0.0008258622787893954,2165.0,0.0
walk_regularly_past_mean,weight_kg_past_slope,0.0004936310830264375,0.0008750268459623177,1240.0,0.0
take_medicine_past_mean,zarda_betel_past_mean,0.0004864458792698671,0.0002964660859353803,844.0,0.0
sleep_sufficient,calorie_intake_lag1,0.0004849424866230917,0.0008166062803360563,1408.0,0.0
smoke,follow_diet_past_mean,0.00048469853184860914,0.0005577790287240424,1035.0,0.0
insulin,urinary_infection_lag1,0.0004836895030582287,0.0010815626088412917,2939.0,0.0
water_sufficient,bmi_current_past_max,0.00048353425252988793,0.0007120416001210048,1200.0,0.0
follow_diet_lag1,bmi_current_past_max,0.0004801712557816808,0.0003645978603963533,916.0,0.0
calorie_intake,smoke_lag1,0.0004774733405693023,0.0005196449276790983,1081.0,0.0
family_diabetes,pain_killer_lag1,0.00047587471413615813,0.0007136445079589549,1289.0,0.0
weight_kg,urination_proper_lag1,0.00047250992788916034,0.00018970940697926616,1034.0,0.0
hypertension,weight_kg_delta1,0.00046703765231192584,0.0006292504507985756,1194.0,0.0
height_cm,take_medicine_delta1,0.00046683581467230984,0.0008041043091337834,1225.0,0.0
take_medicine_lag1,smoke_past_mean,0.0004663698520482115,0.0007632827284478196,1412.0,0.0
take_medicine_past_mean,smoke_past_mean,0.00046456549080751194,0.0008417582317453145,1350.0,0.0
gender,bmi_current_past_min,0.00046409471225977646,0.0005408375468094155,1010.0,0.0
diabetic_year,hypertension_delta1,0.0004632609783089712,0.0007698944862450273,1432.0,0.0
walk_regularly,smoke_past_mean,0.00046319149739123893,0.0007319598994169907,1339.0,0.0
water_sufficient,take_medicine_lag1,0.0004619341101335866,0.0010329160713845739,2376.0,0.0
hypertension_past_mean,walk_regularly_lag1,0.0004609324810030928,0.00043259741781279923,876.0,0.0
take_medicine,take_medicine_past_mean,0.0004606975042664184,0.0006453952485785539,2584.0,0.0
zarda_betel,insulin_past_mean,0.00045880941313920104,0.0006780675975778674,2031.0,0.0
water_sufficient,follow_diet_delta1,0.0004571259248195566,0.00095672576127276,1328.0,0.0
weight_kg,take_medicine_lag1,0.00045647394809053234,0.0002939577640607015,865.0,0.0
weight_kg,water_sufficient,0.0004549051697885605,0.0005922910771487916,1076.0,0.0
urination_proper,calorie_intake_past_mean,0.0004499962733211157,0.0009903168309978545,2180.0,0.0
insulin_past_mean,calorie_intake_past_max,0.0004481292384480466,0.0006482208745744839,1074.0,0.0
sleep_sufficient,follow_diet_delta1,0.00044559276011945135,0.0003815291442519675,852.0,0.0
urination_proper_past_mean,bmi_current_past_slope,0.00044553360702673917,0.0006021473506795033,1574.0,0.0
smoke,weight_kg_delta1,0.0004454852064982867,0.0005531379842122618,1029.0,0.0
job,weight_kg_delta1,0.00044535523433028286,0.0003163806369309374,920.0,0.0
take_medicine_past_mean,water_sufficient_lag1,0.00044187350404205036,0.0005432697232466381,1025.0,0.0
weight_kg_lag1,follow_diet_lag1,0.0004411223905912958,0.0008729055130615926,2424.0,0.0
follow_diet_lag1,urinary_infection_past_mean,0.0004407123290145566,0.0006305751708542545,1278.0,0.0
weight_kg,sleep_sufficient_past_mean,0.00043946074317859665,0.00046857084169867167,805.0,0.0
bmi_current_delta1,follow_diet_lag1,0.00043807672990545837,0.0006489336040207555,1150.0,0.0
job,weight_kg_past_max,0.0004378710630282466,0.0005844117357514719,1169.0,0.0
bmi_current,hypertension,0.0004372997899917743,0.00038669754670052104,1033.0,0.0
calorie_intake_past_mean,weight_kg_past_min,0.0004369306128860368,0.0007662799577577989,1210.0,0.0
smoke_lag1,calorie_intake_past_slope,0.0004363979579165224,0.0006430964825049752,1046.0,0.0
follow_diet_delta1,water_sufficient_lag1,0.0004349485091329706,0.00045867913279852926,928.0,0.0
calorie_intake_past_mean,bmi_current_past_min,0.0004338124100898978,0.0006892610911322333,1227.0,0.0
weight_kg,water_sufficient_lag1,0.0004314532907294497,0.0006432674446033655,1170.0,0.0
bmi_current_delta1,smoke_lag1,0.0004308026527494261,0.0003669728918914233,1042.0,0.0
pain_killer,bmi_current_past_min,0.00042615523744029193,0.0006502756352651648,2192.0,0.0
weight_kg_past_mean,water_sufficient_lag1,0.00042495055736447315,0.0006145407181415305,1171.0,0.0
insulin,urination_proper,0.0004239472032710989,0.0009479747653850982,2601.0,0.0
walk_regularly_lag1,urinary_infection_past_mean,0.000423177084204817,0.00042076286546624493,929.0,0.0
family_diabetes,pain_killer_past_mean,0.00042214319398105993,0.0006837582941622791,1151.0,0.0
sleep_sufficient_past_mean,weight_kg_past_max,0.00042210682016744665,0.0006438260079124656,1990.0,0.0
bmi_current_lag1,walk_regularly_past_mean,0.00042206420882945193,0.0005374012268867107,1310.0,0.0
heart_disease_lag1,pain_killer_lag1,0.00042150625437528997,0.0007476278539055051,1275.0,0.0
insulin_past_mean,sleep_sufficient_lag1,0.0004207920241189088,0.0006446487567986665,963.0,0.0
follow_diet,calorie_intake_past_mean,0.0004195447381329603,0.0009381305540676475,2845.0,0.0
job,take_medicine_past_mean,0.0004193972458618947,0.0004510816428553721,827.0,0.0
urinary_infection_lag1,weight_kg_past_slope,0.00041898086942754824,0.0004480312728278003,944.0,0.0
smoke,calorie_intake_lag1,0.0004186324005870469,0.0009360905052965598,2180.0,0.0
weight_kg_past_slope,calorie_intake_past_min,0.000418230480917483,0.0008881356790110818,1912.0,0.0
take_medicine_lag1,weight_kg_past_min,0.000418099216839273,0.0004130164359044248,949.0,0.0
weight_kg_lag1,walk_regularly_lag1,0.00041758873302907135,0.0007497239367651017,2468.0,0.0
zarda_betel_past_mean,weight_kg_past_min,0.00041702864245005686,0.0005266229702973673,862.0,0.0
bmi_current_delta1,walk_regularly_lag1,0.0004155039160908608,0.00046019071806535405,957.0,0.0
job,heart_disease,0.00041443008004397424,0.0004974680097972817,996.0,0.0
weight_kg_delta1,hypertension_lag1,0.0004134406917702978,0.0004887338247249509,1177.0,0.0
bmi_current_delta1,take_medicine_delta1,0.00041164659771350374,0.0008299516376580752,1295.0,0.0
water_sufficient,weight_kg_past_mean,0.00041045761672107246,0.00035636204858085157,1098.0,0.0
calorie_intake_past_mean,take_medicine_lag1,0.00040975274841133355,0.0009162349994151108,2862.0,0.0
insulin_past_mean,smoke_past_mean,0.00040939162102770447,0.00045880285223237903,1122.0,0.0
follow_diet,urinary_infection,0.00040919916961487635,0.0004922734390501565,1157.0,0.0
bmi_current,sleep_sufficient_past_mean,0.0004084437647397136,0.0006325722695358609,1661.0,0.0
insulin_past_mean,urination_proper_past_mean,0.00040806226527718276,0.0005124862737050822,1083.0,0.0
gender,hypertension_past_mean,0.00040635122974955575,0.0003712748127488183,1104.0,0.0
water_sufficient,insulin_past_mean,0.00040559207868542306,0.0008864312713763299,2208.0,0.0
urination_proper,follow_diet_delta1,0.0004037325606293855,0.0003800158775931708,1047.0,0.0
smoke,urinary_infection_past_mean,0.0004034250592124894,0.0004850143937581332,1308.0,0.0
heart_disease_past_mean,bmi_current_past_min,0.00040294958851077873,0.00036219339253580423,952.0,0.0
weight_kg_past_mean,walk_regularly_past_mean,0.00040234909449600903,0.000407325504401948,1098.0,0.0
weight_kg_past_mean,walk_regularly_lag1,0.0004009843639145195,0.0005253392523863606,1144.0,0.0
walk_regularly_past_mean,urinary_infection_past_mean,0.000399744135064746,0.0007546839378671631,1817.0,0.0
insulin_past_mean,hypertension_lag1,0.00039963877819496974,0.0005404405757896619,981.0,0.0
zarda_betel_past_mean,pain_killer_lag1,0.0003983519321963354,0.0007628768102507157,1803.0,0.0
bmi_current,smoke,0.0003982962233395308,0.00031128108033573454,855.0,0.0
heart_disease_past_mean,urination_proper_lag1,0.0003976737204452299,0.0008100472028124076,1846.0,0.0
urination_proper_lag1,bmi_current_past_min,0.00039764458623364805,0.0005781981203354523,1266.0,0.0
sleep_sufficient,weight_kg_lag1,0.0003969399968784796,0.00028992278170333153,1089.0,0.0
bmi_current_lag1,take_medicine_lag1,0.0003959636038394206,0.0004999451173380707,1105.0,0.0
follow_diet,weight_kg_delta1,0.0003943397050370786,0.00041292129560706775,1018.0,0.0
smoke_past_mean,bmi_current_past_max,0.0003929832879951751,0.0004637966362811931,1173.0,0.0
follow_diet_past_mean,heart_disease_past_mean,0.00039283890765875746,0.0003900131750575941,1108.0,0.0
take_medicine_lag1,bmi_current_past_max,0.00039109183825087733,0.0003769786612292094,956.0,0.0
follow_diet_delta1,walk_regularly_lag1,0.00039079171899154976,0.0008612837922137449,1358.0,0.0
bmi_current,urination_proper_lag1,0.00039057045893568153,0.000714385092182265,1648.0,0.0
height_cm,pain_killer,0.0003901693357918325,0.0006899982184839026,1264.0,0.0
take_medicine_past_mean,heart_disease_past_mean,0.0003900041390898843,0.0005604275390259685,1320.0,0.0
heart_disease_lag1,weight_kg_past_min,0.0003895802458972609,0.00037364716954193573,948.0,0.0
bmi_current,water_sufficient_lag1,0.0003872264127718979,0.0005121510091348996,892.0,0.0
calorie_intake_lag1,water_sufficient_lag1,0.0003855022117219782,0.0006203891560510262,2667.0,0.0
bmi_current_past_mean,insulin_lag1,0.00038430602522343543,0.0007087772113008928,2629.0,0.0
job,zarda_betel,0.00038049942282933314,0.0005749116120266073,1877.0,0.0
urinary_infection,smoke_past_mean,0.0003789821443792805,0.000847429837090711,2505.0,0.0
bmi_current_past_mean,smoke_past_mean,0.0003743356121933874,0.00039720929242515916,1126.0,0.0
calorie_intake_lag1,insulin_lag1,0.00037341747194537294,0.0006217194405347461,2775.0,0.0
sleep_sufficient,pain_killer_lag1,0.0003733160161986265,0.0007670168990209588,2257.0,0.0
hypertension_past_mean,pain_killer_lag1,0.00037290815226239895,0.00037140473069584344,1058.0,0.0
insulin_past_mean,zarda_betel_past_mean,0.0003725094431650236,0.00048066699868824325,1125.0,0.0
weight_kg,water_sufficient_past_mean,0.00037210204157868176,0.0006676323252367173,1345.0,0.0
heart_disease_lag1,pain_killer_past_mean,0.0003715847515884471,0.0008308887639541406,1838.0,0.0
bmi_current,take_medicine_lag1,0.0003714111412448357,0.0004991398131829223,1062.0,0.0
urination_proper_past_mean,pain_killer_past_mean,0.00037036033898557667,0.000701524430676592,1595.0,0.0
zarda_betel,pain_killer,0.0003684685554465589,0.0007741816214460311,2465.0,0.0
follow_diet,bmi_current_past_min,0.00036766349018307957,0.0005016214198985337,1207.0,0.0
bmi_current_lag1,follow_diet_lag1,0.0003675578357875987,0.0003952328314674128,1092.0,0.0
hypertension,insulin_past_mean,0.0003659649481902718,0.0006532577240225372,2329.0,0.0
bmi_current,urinary_infection_lag1,0.0003652145114815401,0.0004793623934943035,1069.0,0.0
diabetic_year,calorie_intake_past_max,0.0003645089771999223,0.0008150668514279472,1684.0,0.0
heart_disease_lag1,urinary_infection_past_mean,0.00036324218738705905,0.0007607841776664448,1427.0,0.0
urination_proper_past_mean,urinary_infection_past_mean,0.0003627071643919664,0.0006928211790781458,1703.0,0.0
family_diabetes,urinary_infection_lag1,0.00036245256571950594,0.0008104685755680253,1430.0,0.0
take_medicine_delta1,hypertension_past_mean,0.00036209548777622614,0.0008096701250135858,1404.0,0.0
follow_diet_delta1,sleep_sufficient_lag1,0.00036122706331856663,0.0002722397197221806,1118.0,0.0
weight_kg_delta1,water_sufficient_lag1,0.0003602787002466674,0.0004325478438628094,935.0,0.0
smoke_lag1,weight_kg_past_slope,0.0003593357915832584,0.0003298703151364117,1081.0,0.0
bmi_current_delta1,zarda_betel_lag1,0.0003585088662285029,0.0005660243545596373,1281.0,0.0
weight_kg_lag1,urinary_infection_lag1,0.00035597471628121284,0.0007282484077885852,1547.0,0.0
calorie_intake_lag1,walk_regularly_lag1,0.00035560256769185934,0.00039369586937937394,1075.0,0.0
urinary_infection,water_sufficient_lag1,0.00035423660174113377,0.0007442161677647721,2219.0,0.0
hypertension,weight_kg_past_mean,0.00035405148148700817,0.00021828259383116508,1050.0,0.0
follow_diet_lag1,take_medicine_past_mean,0.000352795563181455,0.00038627766461943346,1189.0,0.0
weight_kg_past_mean,insulin_lag1,0.00035188100547236986,0.000596241655553742,1119.0,0.0
bmi_current_past_slope,calorie_intake_past_min,0.0003495045324600046,0.0005190787353266643,1188.0,0.0
follow_diet,water_sufficient_lag1,0.00034928621810944975,0.0007810277272965476,2733.0,0.0
pain_killer,hypertension_past_mean,0.00034863708946676186,0.00036998338975057524,921.0,0.0
age,smoke_lag1,0.0003478490906663548,0.0003483126916367936,911.0,0.0
pain_killer,calorie_intake_lag1,0.000347549324027186,0.0004963230979802195,2274.0,0.0
bmi_current_past_mean,urinary_infection_lag1,0.0003474601341427965,0.0007607190542454764,2746.0,0.0
sleep_sufficient,hypertension_lag1,0.00034737518895026085,0.0006279090473833753,2389.0,0.0
hypertension,weight_kg_lag1,0.00034681912458477403,0.0007025903627179702,1449.0,0.0
follow_diet,pain_killer_past_mean,0.00034593300612721027,0.00021302485229548145,1039.0,0.0
age,calorie_intake_past_min,0.000345361920315012,0.0005238727821067387,1755.0,0.0
insulin,sleep_sufficient_lag1,0.00034341815851160874,0.0007679063471397553,2815.0,0.0
hypertension,zarda_betel,0.0003431942728714336,0.0007674057236291375,2942.0,0.0
weight_kg,zarda_betel_lag1,0.00034251886090064563,0.0005357363911229999,1599.0,0.0
sleep_sufficient_past_mean,bmi_current_past_max,0.00034139348545206847,0.000652127276448159,2014.0,0.0
weight_kg_past_mean,urination_proper_lag1,0.00034054746519011106,0.0003642251336821798,1070.0,0.0
height_cm,water_sufficient_past_mean,0.0003369412403017458,0.00041466030909983255,1064.0,0.0
sleep_sufficient_lag1,urinary_infection_past_mean,0.0003364674101412455,0.0003654665656533051,1024.0,0.0
insulin_past_mean,urinary_infection_lag1,0.0003350090882210518,0.00046834510327855775,1084.0,0.0
calorie_intake,sleep_sufficient_past_mean,0.0003328155089004771,0.00046461200065920467,2353.0,0.0
zarda_betel_past_mean,weight_kg_past_max,0.00033167531790951807,0.0005386915940280335,1234.0,0.0
urination_proper_past_mean,weight_kg_past_min,0.000331203462741959,0.00043863552095772655,1206.0,0.0
hypertension_lag1,pain_killer_past_mean,0.0003307257830837197,0.00045625278550751063,1107.0,0.0
take_medicine,bmi_current_past_mean,0.00033068583496090656,0.0002724474022185502,1075.0,0.0
sleep_sufficient_past_mean,calorie_intake_past_slope,0.0003282942459370865,0.0005275563700729139,2018.0,0.0
family_diabetes,sleep_sufficient,0.00032321572621143096,0.0005254293485086167,1184.0,0.0
pain_killer,hypertension_lag1,0.0003212873226592687,0.0007184202937750332,2588.0,0.0
water_sufficient,heart_disease_lag1,0.0003211406686411651,0.0007180923654213801,2236.0,0.0
bmi_current_lag1,sleep_sufficient_lag1,0.0003211137628263402,0.0007180322021904416,2960.0,0.0
follow_diet,urinary_infection_past_mean,0.00032051277988855837,0.0005429500344337844,1269.0,0.0
insulin_past_mean,zarda_betel_lag1,0.0003204150113513116,0.00045808651284310193,1123.0,0.0
urinary_infection_lag1,bmi_current_past_min,0.00032003246106271165,0.0005045796422746287,1047.0,0.0
water_sufficient_past_mean,bmi_current_past_max,0.0003193229413245534,0.0005396156913912797,1875.0,0.0
water_sufficient_lag1,pain_killer_past_mean,0.00031825070941158873,0.00037088596452592007,1300.0,0.0
urinary_infection_lag1,pain_killer_lag1,0.00031821732676111435,0.0007115555742561147,1839.0,0.0
take_medicine,hypertension_lag1,0.0003166945545422442,0.0005574402117671998,2574.0,0.0
smoke,weight_kg_past_max,0.0003162054735332453,0.00046644501297568775,2172.0,0.0
calorie_intake_past_min,calorie_intake_past_slope,0.0003140973734669053,0.0004429002325509515,1380.0,0.0
weight_kg_lag1,walk_regularly_past_mean,0.00031385741151796094,0.0004503850790324019,1227.0,0.0
walk_regularly_lag1,weight_kg_past_slope,0.0003136409855841327,0.0004050653348160278,1309.0,0.0
water_sufficient,bmi_current_past_mean,0.00031298533086297694,0.00046872514181975177,1052.0,0.0
take_medicine_delta1,weight_kg_past_slope,0.00031273701622944004,0.00029069641946931,987.0,0.0
smoke_lag1,urinary_infection_past_mean,0.0003124318897938851,0.0006348830075302465,1656.0,0.0
gender,take_medicine_lag1,0.0003110713304182542,0.0006955766406665145,2473.0,0.0
height_cm,walk_regularly_past_mean,0.0003084399596533653,0.0002822771429497206,1044.0,0.0
water_sufficient_lag1,walk_regularly_past_mean,0.00030833373773944656,0.0006894551973419948,2022.0,0.0
bmi_current_delta1,calorie_intake_past_min,0.0003079895200122914,0.0004017647271536059,1185.0,0.0
gender,hypertension_lag1,0.0003079791906211112,0.0006886624058841704,1900.0,0.0
heart_disease_past_mean,pain_killer_past_mean,0.0003057631619487706,0.0005566960101868363,1786.0,0.0
insulin_past_mean,walk_regularly_lag1,0.000304508029032356,0.0004064363702543161,1126.0,0.0
calorie_intake,water_sufficient_lag1,0.0003028370272553286,0.00020412373327448555,900.0,0.0
gender,take_medicine_past_mean,0.00030146956952447354,0.0002965566518486922,1089.0,0.0
smoke,bmi_current_past_max,0.00029963129352039486,0.0003071009498312362,1086.0,0.0
family_diabetes,take_medicine_past_mean,0.0002983042950240724,0.0004287575863548142,1148.0,0.0
bmi_current,calorie_intake_past_min,0.0002975660919295156,0.0006653780093533485,2415.0,0.0
weight_kg_delta1,take_medicine_lag1,0.0002975446869910046,0.00026506600466523223,1024.0,0.0
insulin,zarda_betel_past_mean,0.00029633741488828923,0.00042807786632262005,2419.0,0.0
take_medicine,bmi_current_past_min,0.0002948663764890432,0.00022641872611673536,1011.0,0.0
take_medicine_past_mean,insulin_delta1,0.0002943593733979555,0.00023124772135390376,1071.0,0.0
sleep_sufficient_past_mean,bmi_current_past_slope,0.0002942351615833348,0.00027107903689977986,1071.0,0.0
urinary_infection,insulin_delta1,0.00029343375994131534,0.0005472143123663311,1331.0,0.0
heart_disease,calorie_intake_past_max,0.00029308042771870614,0.0006553477592537405,2518.0,0.0
zarda_betel_past_mean,bmi_current_past_min,0.000291562963563913,0.0003280739325241258,1164.0,0.0
water_sufficient_lag1,weight_kg_past_max,0.0002914289927713063,0.00026299571145997624,1106.0,0.0
follow_diet_lag1,bmi_current_past_min,0.00029117280998151255,0.00048124930808271385,1182.0,0.0
pain_killer,heart_disease_past_mean,0.0002900904726863879,0.00045162594821434844,1185.0,0.0
weight_kg_delta1,walk_regularly_lag1,0.0002888159753368362,0.0004376695165196883,2463.0,0.0
water_sufficient_lag1,weight_kg_past_min,0.0002885749031986238,0.0005112305103862441,1452.0,0.0
follow_diet,zarda_betel_past_mean,0.00028757352672045095,0.0004167723543587657,1285.0,0.0
follow_diet_past_mean,urination_proper_past_mean,0.0002874053548090532,0.0005403753883723259,1270.0,0.0
follow_diet_delta1,water_sufficient_past_mean,0.0002867082078180288,0.00041441792968653456,1173.0,0.0
weight_kg_lag1,take_medicine_delta1,0.0002866627044501815,0.0005089535092417987,1225.0,0.0
weight_kg_delta1,smoke_past_mean,0.0002860428362633753,0.00048426143270434576,1225.0,0.0
zarda_betel_lag1,weight_kg_past_slope,0.0002844151424903034,0.0003372752461228323,1377.0,0.0
weight_kg,calorie_intake_past_max,0.00028374706130805655,0.0006344777175006148,2610.0,0.0
urinary_infection,heart_disease_past_mean,0.0002826620556249776,0.0006320515710372767,2535.0,0.0
take_medicine_past_mean,sleep_sufficient_lag1,0.00028223344561729546,0.0005428230158930573,1321.0,0.0
take_medicine_lag1,sleep_sufficient_lag1,0.0002816415249099529,0.0004880075196572443,1415.0,0.0
diabetic_year,follow_diet_lag1,0.00028153401710222394,0.0002717584954600397,1034.0,0.0
urination_proper_past_mean,bmi_current_past_max,0.00028114841731657116,0.000402420562624421,1236.0,0.0
family_diabetes,weight_kg_delta1,0.00027998231129370345,0.0003868877309091323,1087.0,0.0
heart_disease,insulin_delta1,0.0002799510136550966,0.00031529281605287263,1306.0,0.0
pain_killer,follow_diet_delta1,0.00027949357702018816,0.0002666659181025203,1078.0,0.0
gender,insulin,0.00027899690166050906,0.00038252531973439997,2379.0,0.0
zarda_betel_past_mean,walk_regularly_lag1,0.00027743064674059733,0.0003928551391874196,1126.0,0.0
water_sufficient,walk_regularly_lag1,0.00027737884287221045,0.0006202379481824956,2143.0,0.0
bmi_current_past_mean,walk_regularly_lag1,0.0002755626675381622,0.00036611163586256797,1152.0,0.0
walk_regularly_past_mean,weight_kg_past_max,0.00027490418464844884,0.0003791740174969124,1467.0,0.0
water_sufficient,bmi_current_past_min,0.0002747078251073308,0.0004239064573744807,1208.0,0.0
take_medicine,insulin_past_mean,0.0002741668065916235,0.0003333313170535949,1107.0,0.0
follow_diet,water_sufficient,0.0002732531466443763,0.000611012610962544,2199.0,0.0
age,zarda_betel_lag1,0.0002714797322028901,0.00037433223361963894,1682.0,0.0
insulin_delta1,hypertension_lag1,0.00027006312369579294,0.00045817445578597504,1155.0,0.0
follow_diet_delta1,insulin_delta1,0.0002680924652361561,0.0002832521712379296,1123.0,0.0
take_medicine,calorie_intake_lag1,0.0002673519067066644,0.0003280008711136012,1242.0,0.0
sleep_sufficient_past_mean,bmi_current_past_min,0.00026733627139983627,0.00026203239998206075,1095.0,0.0
water_sufficient,calorie_intake,0.0002662969691974877,0.00028835348765401855,1215.0,0.0
weight_kg_lag1,water_sufficient_lag1,0.0002656655730803709,0.0003734674218137031,1279.0,0.0
walk_regularly,sleep_sufficient_past_mean,0.0002642461682246118,0.0005908723949440769,2288.0,0.0
follow_diet_delta1,urination_proper_past_mean,0.00026377502382477836,0.00040520174635154605,1208.0,0.0
bmi_current_delta1,water_sufficient_past_mean,0.00026351884999154955,0.0005030983385697938,2603.0,0.0
height_cm,zarda_betel_lag1,0.0002633421043700705,0.0004503674978989828,1534.0,0.0
take_medicine_past_mean,sleep_sufficient_past_mean,0.00026281467990567554,0.00026790250858141877,1135.0,0.0
urination_proper,calorie_intake_past_slope,0.0002619627437905409,0.0002595966532552389,1067.0,0.0
insulin_delta1,pain_killer_lag1,0.0002593031967233921,0.00028716952370060804,1110.0,0.0
calorie_intake_lag1,insulin_delta1,0.0002584159633978074,0.0002605585408610325,922.0,0.0
heart_disease_past_mean,sleep_sufficient_lag1,0.00025803602238832606,0.0005769860867039548,1752.0,0.0
zarda_betel_past_mean,pain_killer_past_mean,0.0002579733604732116,0.0002429470540509431,1026.0,0.0
take_medicine_past_mean,urination_proper_lag1,0.000256469636938578,0.00029924406442495875,1217.0,0.0
walk_regularly_lag1,bmi_current_past_slope,0.00025639974191281995,0.00035128045711500816,1441.0,0.0
take_medicine_delta1,bmi_current_past_slope,0.00025478469313603363,0.0002824251571048986,1191.0,0.0
job,family_diabetes,0.0002544070172502108,0.00040370439726084863,1623.0,0.0
insulin,urination_proper_lag1,0.00025353542792029386,0.0004325830586266556,2423.0,0.0
smoke_past_mean,urination_proper_past_mean,0.0002534722780184337,0.0005667812440609435,1706.0,0.0
gender,follow_diet_past_mean,0.0002527402595547484,0.00023923470472927174,1057.0,0.0
take_medicine_past_mean,walk_regularly_past_mean,0.00025231764443077616,0.00025909105747047546,1088.0,0.0
bmi_current_past_mean,calorie_intake_past_max,0.0002502447885841952,0.0005202677705416031,2773.0,0.0
take_medicine,weight_kg_delta1,0.0002496131316670275,0.0004211208226220564,1377.0,0.0
urination_proper,pain_killer_past_mean,0.0002489451568216979,0.0003909374653142009,2196.0,0.0
water_sufficient,follow_diet_past_mean,0.0002487077190979051,0.0003624472747604977,1076.0,0.0
smoke,bmi_current_past_min,0.0002482872074299412,0.00024163795443439976,1124.0,0.0
follow_diet,take_medicine_past_mean,0.0002442644178994984,0.00034357819370890355,2090.0,0.0
weight_kg_past_mean,zarda_betel_lag1,0.00024355997884824228,0.0003839562047494487,2397.0,0.0
take_medicine,calorie_intake_past_mean,0.00024212582485862074,0.0003295259456789057,1232.0,0.0
walk_regularly,insulin_delta1,0.0002387776126588638,0.00041899246005908976,1137.0,0.0
heart_disease_lag1,walk_regularly_lag1,0.00023861503946310302,0.00039851911937652056,1145.0,0.0
hypertension,calorie_intake,0.00023846277121651024,0.00043142011127862375,1632.0,0.0
heart_disease,water_sufficient,0.00023761356860589988,0.0004657090823388395,2318.0,0.0
insulin_delta1,smoke_past_mean,0.00023658823946879655,0.00034790916825160756,1026.0,0.0
follow_diet_delta1,take_medicine_delta1,0.000234620247359291,0.00022601304321802034,1152.0,0.0
job,calorie_intake_past_mean,0.00023322357548473228,0.0001983281610636547,1105.0,0.0
insulin_lag1,pain_killer_past_mean,0.00023311462728515313,0.0005212601531591296,1586.0,0.0
height_cm,urination_proper,0.00023264821170750636,0.00018685172967066997,1149.0,0.0
job,walk_regularly,0.00023238018149974752,0.00021084408831838783,1150.0,0.0
weight_kg_past_max,calorie_intake_past_min,0.00023168955528785968,0.0004564125209672027,2437.0,0.0
urination_proper_past_mean,pain_killer_lag1,0.00023091904219223812,0.000336595899434149,1704.0,0.0
urinary_infection,sleep_sufficient_past_mean,0.00023090925247523704,0.0003572938879301413,2224.0,0.0
hypertension,insulin_lag1,0.0002307286843821504,0.0005159250226375823,2930.0,0.0
weight_kg_delta1,pain_killer_lag1,0.0002304127533636252,0.0003328112008250026,2401.0,0.0
calorie_intake_past_mean,pain_killer_past_mean,0.00023020825988185226,0.000381317173856467,1266.0,0.0
gender,insulin_lag1,0.00023005506214606946,0.00051441875752655,2470.0,0.0
weight_kg,smoke_lag1,0.0002299578851436188,0.00018499308180652024,1176.0,0.0
bmi_current,zarda_betel_lag1,0.00022954351392354204,0.0005132749009272094,2791.0,0.0
urination_proper,weight_kg_delta1,0.00022907305398649206,0.000374529436863956,2197.0,0.0
bmi_current_lag1,heart_disease_past_mean,0.0002286605742693163,0.0003219078106132644,1193.0,0.0
heart_disease,hypertension_lag1,0.0002285814068298738,0.0003626527069018057,2436.0,0.0
take_medicine_lag1,hypertension_past_mean,0.0002270507627636416,0.0002429145517383332,1162.0,0.0
walk_regularly,water_sufficient_past_mean,0.0002264473187994184,0.00035516971299049744,2300.0,0.0
urination_proper_lag1,weight_kg_past_max,0.00022580790994981164,0.0004196528889669745,1685.0,0.0
water_sufficient_lag1,urinary_infection_past_mean,0.00022557283875049815,0.0003455597248028251,1356.0,0.0
smoke,bmi_current_lag1,0.0002248213379227388,0.0003470841563744904,1334.0,0.0
sleep_sufficient_past_mean,walk_regularly_past_mean,0.00022327368788373014,0.0004992551436950917,2084.0,0.0
weight_kg,urination_proper_past_mean,0.00022322179822091554,0.0002275044234856094,1145.0,0.0
bmi_current_past_mean,hypertension_lag1,0.00022243022034129498,0.0003051206955981921,2630.0,0.0
zarda_betel_past_mean,urinary_infection_past_mean,0.00022212080605528333,0.00031635398332065056,1495.0,0.0
follow_diet,take_medicine,0.00022206837092029886,0.0003056335019197067,1473.0,0.0
heart_disease,water_sufficient_past_mean,0.00022110444931513663,0.00040328464192708523,2223.0,0.0
bmi_current_lag1,urination_proper_past_mean,0.00022069591256167255,0.00022658415136373478,1258.0,0.0
urination_proper_lag1,bmi_current_past_max,0.00022024648599366939,0.00025993299402559766,1091.0,0.0
calorie_intake_lag1,smoke_lag1,0.00021979302047815175,0.0003056863782555082,2664.0,0.0
weight_kg_past_mean,urination_proper_past_mean,0.00021825822815844394,0.00022262194618034915,1153.0,0.0
take_medicine_past_mean,walk_regularly_lag1,0.0002178924569281503,0.0004872223454757891,1517.0,0.0
pain_killer,take_medicine_past_mean,0.0002174794283802977,0.00021203804924837565,1167.0,0.0
family_diabetes,hypertension_lag1,0.00021744426137056588,0.00037543753312994465,1139.0,0.0
calorie_intake_lag1,zarda_betel_lag1,0.0002166244150186797,0.0002994254633980266,2818.0,0.0
weight_kg,calorie_intake_past_min,0.00021659872533055097,0.0003002701453941818,1515.0,0.0
insulin,heart_disease_past_mean,0.00021549060332119738,0.0003165292888771194,2350.0,0.0
sleep_sufficient_lag1,walk_regularly_lag1,0.0002154615831654216,0.00048178674649760695,1702.0,0.0
calorie_intake_past_mean,pain_killer_lag1,0.000213860092615475,0.00022999219418698302,1033.0,0.0
urination_proper,urinary_infection,0.0002138426123730704,0.000478166617752323,2586.0,0.0
weight_kg_past_mean,sleep_sufficient_past_mean,0.00021369290896142,0.00040653178869715935,1360.0,0.0
prior_visit_count,smoke_lag1,0.00021258597842088966,0.0003437168380616582,2422.0,0.0
bmi_current,urination_proper_past_mean,0.00021199871362345856,0.00031035082473035674,1521.0,0.0
insulin,calorie_intake_past_min,0.0002112360577393027,0.00047233818440415134,2629.0,0.0
insulin,water_sufficient_lag1,0.00021046814163413075,0.0002929506641128934,2591.0,0.0
insulin_past_mean,smoke_lag1,0.00021029845496910778,0.00047024164087410345,1218.0,0.0
insulin,hypertension_lag1,0.00021025754770816982,0.0004701501694578728,2952.0,0.0
bmi_current_delta1,insulin_lag1,0.00020992833625639145,0.00023807089752657043,1232.0,0.0
take_medicine,hypertension,0.00020964627159395692,0.0004687833145134709,2439.0,0.0
insulin_past_mean,water_sufficient_lag1,0.00020920616226394518,0.00027187005995729836,996.0,0.0
smoke,bmi_current_past_mean,0.00020867813528482196,0.0002744287282515778,1356.0,0.0
bmi_current_past_mean,follow_diet_lag1,0.00020824015855493722,0.0002345494683740993,1330.0,0.0
heart_disease,urinary_infection_lag1,0.00020754290642957087,0.0002862556241669422,2226.0,0.0
weight_kg_delta1,walk_regularly_past_mean,0.0002043114119010367,0.00038994741956316706,2920.0,0.0
weight_kg_delta1,urination_proper_past_mean,0.00020385237419033898,0.0002869629688336441,2530.0,0.0
take_medicine_lag1,heart_disease_past_mean,0.00020136851901074565,0.000450273697036486,1419.0,0.0
water_sufficient,weight_kg_delta1,0.00020126621120121854,0.00020024417757189244,1082.0,0.0
weight_kg_delta1,insulin_delta1,0.0002012342052039934,0.00034023328146487523,1132.0,0.0
hypertension_lag1,smoke_past_mean,0.00020122329625729994,0.00044994896908790165,1534.0,0.0
follow_diet,sleep_sufficient_lag1,0.00020015981476048677,0.00043511583767617893,2085.0,0.0
insulin,hypertension,0.00019902736598359895,0.00044503871972205656,2600.0,0.0
bmi_current_past_mean,water_sufficient_lag1,0.00019888876109453073,0.00035002638291416535,1565.0,0.0
gender,pain_killer_lag1,0.00019814162657599022,0.0003705231644455944,1501.0,0.0
take_medicine_delta1,hypertension_lag1,0.0001971272013075784,0.00044078982233803076,1402.0,0.0
weight_kg_past_mean,calorie_intake_past_min,0.00019563571898763998,0.00040026641208512,2610.0,0.0
calorie_intake_lag1,sleep_sufficient_lag1,0.0001947594660041278,0.0002928108858545381,2657.0,0.0
weight_kg,insulin_lag1,0.00019475840029751682,0.00027192541898463,1316.0,0.0
heart_disease,follow_diet_lag1,0.00019471217384681058,0.0001916528514656799,1239.0,0.0
insulin_lag1,weight_kg_past_min,0.00019429289456565955,0.0004344521197940142,1585.0,0.0
pain_killer,weight_kg_delta1,0.00019426354833303145,0.00024753533030923424,1035.0,0.0
walk_regularly,insulin_lag1,0.00019356767553413908,0.00043283048074095793,2620.0,0.0
job,take_medicine,0.0001930132017268558,0.0003549146086400337,1618.0,0.0
height_cm,smoke_lag1,0.00019232525748864206,0.00031288155559811644,1061.0,0.0
bmi_current,insulin_lag1,0.00019181501149462938,0.00038206037921962964,1520.0,0.0
calorie_intake_past_mean,follow_diet_past_mean,0.00019131334574889358,0.00024224327169889795,1152.0,0.0
water_sufficient_lag1,bmi_current_past_min,0.00019057198065762696,0.00019507737725643645,1283.0,0.0
calorie_intake_past_mean,urination_proper_lag1,0.00019023809128703928,0.00041498198749531515,1589.0,0.0
gender,urinary_infection_lag1,0.0001891656363355205,0.00028307560802773334,1624.0,0.0
water_sufficient,urinary_infection_past_mean,0.00018841718702646695,0.00022555314431169617,1348.0,0.0
follow_diet_lag1,insulin_past_mean,0.0001879984499775637,0.000236877797864477,1170.0,0.0
weight_kg_delta1,heart_disease_lag1,0.00018736987681516152,0.0002585904959473383,3022.0,0.0
calorie_intake,take_medicine_lag1,0.00018709340363781964,0.0002747739508522194,2164.0,0.0
zarda_betel_past_mean,urination_proper_past_mean,0.0001870673849219872,0.0003999746066191811,1511.0,0.0
follow_diet_delta1,heart_disease_past_mean,0.0001866968035025638,0.0002056015044102158,1139.0,0.0
take_medicine,take_medicine_lag1,0.0001865097770827969,0.00041704854002546634,2751.0,0.0
hypertension_delta1,calorie_intake_past_slope,0.00018606872184995279,0.0003481754520842854,1274.0,0.0
water_sufficient,take_medicine_past_mean,0.00018570132213069742,0.00021388826993583163,1128.0,0.0
smoke_past_mean,urination_proper_lag1,0.00018544636950834314,0.0003147998562316102,1528.0,0.0
zarda_betel,weight_kg_delta1,0.00018504483810734558,0.0004137728368934682,2464.0,0.0
weight_kg_past_mean,urinary_infection_lag1,0.00018354536019022256,0.0001994586811574039,1233.0,0.0
weight_kg_lag1,zarda_betel_past_mean,0.00018280263383631034,0.0002596781476491896,1460.0,0.0
bmi_current,smoke_lag1,0.00018234437114367756,0.0002659300519189368,1561.0,0.0
follow_diet,sleep_sufficient,0.00018112487346473021,0.00039235272886700435,1654.0,0.0
follow_diet_delta1,urinary_infection_lag1,0.00018102813186258041,0.0002509953904554375,1200.0,0.0
weight_kg_past_mean,take_medicine_delta1,0.00018087723059624883,0.0002783851648849598,1298.0,0.0
insulin,urinary_infection,0.0001804862136054733,0.00024812257390656906,2587.0,0.0
weight_kg_delta1,calorie_intake_past_min,0.00018026474594156163,0.0004030842258720612,2488.0,0.0
family_diabetes,insulin_delta1,0.0001801858439164712,0.0002476031073892484,1164.0,0.0
job,follow_diet_lag1,0.00017995838051200862,0.0003257011630337536,1711.0,0.0
bmi_current,water_sufficient,0.00017969615109815056,0.0001761476865159224,1122.0,0.0
pain_killer,weight_kg_past_max,0.00017694912907141588,0.0003956702811630702,2316.0,0.0
weight_kg_lag1,heart_disease_past_mean,0.0001765362750723194,0.0002462318157676139,1332.0,0.0
job,heart_disease_past_mean,0.00017616103992107752,0.00030510334181018376,1215.0,0.0
water_sufficient_past_mean,weight_kg_past_slope,0.00017532072317494836,0.00020282948919365677,1278.0,0.0
hypertension,bmi_current_past_slope,0.00017521458134397755,0.00019907594502296152,1318.0,0.0
sleep_sufficient,urinary_infection,0.00017360070888461888,0.00024283529737344648,2356.0,0.0
urination_proper,calorie_intake_lag1,0.0001735867524170288,0.000288532118039663,1201.0,0.0
weight_kg_delta1,zarda_betel_past_mean,0.0001733017926174465,0.0002910770695298537,1136.0,0.0
weight_kg_delta1,urination_proper_lag1,0.0001732962143022531,0.00022135216632753436,1211.0,0.0
take_medicine_lag1,pain_killer_lag1,0.00017268149995998725,0.00023958474899654606,1318.0,0.0
bmi_current_lag1,water_sufficient_past_mean,0.00017222192734451258,0.0003697311165230761,1570.0,0.0
weight_kg,take_medicine_delta1,0.00017195043182665582,0.00023263035080802483,1385.0,0.0
urinary_infection,calorie_intake_past_mean,0.00017145229311111445,0.0003833789822946708,2581.0,0.0
follow_diet_past_mean,insulin_delta1,0.0001707573397725536,0.000245355055395284,1241.0,0.0
weight_kg_lag1,sleep_sufficient_lag1,0.00017044519102619765,0.00031351933263832547,2294.0,0.0
weight_kg_delta1,sleep_sufficient_lag1,0.0001697875487180609,0.0002622261022670909,2459.0,0.0
bmi_current_lag1,smoke_past_mean,0.0001695665600516465,0.00016739656809553537,1273.0,0.0
family_diabetes,calorie_intake_past_max,0.00016709545942500777,0.0003736368060058753,2036.0,0.0
water_sufficient_past_mean,calorie_intake_past_slope,0.00016592134268848992,0.0001851955745165496,1319.0,0.0
insulin_lag1,calorie_intake_past_max,0.00016576426447251227,0.0003706601636007907,1592.0,0.0
hypertension_past_mean,zarda_betel_past_mean,0.00016570790280551957,0.0002917628419882372,1182.0,0.0
urination_proper,urinary_infection_past_mean,0.00016357206778923284,0.0003197431174145027,2172.0,0.0
heart_disease,sleep_sufficient_lag1,0.0001621247812853388,0.00036252203179130326,2549.0,0.0
weight_kg_lag1,water_sufficient_past_mean,0.00016155613160386746,0.0001648619550550431,1335.0,0.0
water_sufficient,bmi_current_past_slope,0.00016115122341034624,0.0002248004131258578,2171.0,0.0
family_diabetes,urination_proper_lag1,0.00016100992074316147,0.00024504301081015514,1296.0,0.0
weight_kg_lag1,hypertension_delta1,0.00016096410753740589,0.00027052353175344965,1502.0,0.0
bmi_current_delta1,sleep_sufficient_past_mean,0.0001606767136483473,0.00017539666799382648,1399.0,0.0
heart_disease_lag1,water_sufficient_lag1,0.00015999305094638522,0.0003577553378437044,1477.0,0.0
walk_regularly,zarda_betel_lag1,0.00015993064175483994,0.0002858959098060172,2304.0,0.0
insulin_lag1,hypertension_past_mean,0.00015990378993984057,0.00033511318681392414,1529.0,0.0
age,hypertension_delta1,0.0001598467277008527,0.00031500201252588185,1482.0,0.0
gender,calorie_intake_lag1,0.00015975585240881723,0.00035722494578953887,2516.0,0.0
urination_proper_past_mean,bmi_current_past_min,0.00015912170156067145,0.0001772181497357519,1195.0,0.0
zarda_betel,weight_kg_past_max,0.00015857744273222604,0.0003382113245669975,2318.0,0.0
water_sufficient,weight_kg_lag1,0.00015815212464167337,0.00019402880250584572,1231.0,0.0
hypertension_past_mean,heart_disease_past_mean,0.00015702134096394002,0.00030423467646191086,1257.0,0.0
take_medicine,sleep_sufficient,0.00015622367597624735,0.0001665082421224865,1276.0,0.0
heart_disease_past_mean,bmi_current_past_max,0.00015523866214734827,0.0002043497847376378,1175.0,0.0
urinary_infection,sleep_sufficient_lag1,0.00015466157666967946,0.0003458337989406988,2568.0,0.0
take_medicine_delta1,weight_kg_past_max,0.00015446268314775824,0.0002494129052944494,1286.0,0.0
weight_kg_lag1,smoke_past_mean,0.00015380624697460373,0.00021358236533024335,2367.0,0.0
water_sufficient,bmi_current_lag1,0.0001533962305274278,0.0001940149231613189,1190.0,0.0
bmi_current_past_mean,urination_proper_lag1,0.00015192108544805858,0.000217715064758659,2839.0,0.0
weight_kg,walk_regularly_past_mean,0.00015122915157487766,0.00033815866310104583,1603.0,0.0
hypertension_past_mean,urination_proper_past_mean,0.00014998765666512608,0.00023128016783652733,1055.0,0.0
insulin_lag1,pain_killer_lag1,0.00014938913090541353,0.00033404425180411936,1455.0,0.0
hypertension_delta1,weight_kg_past_max,0.00014860732547583648,0.00025851077443481797,1232.0,0.0
gender,sleep_sufficient,0.00014783585308484658,0.00021689846157733666,1829.0,0.0
zarda_betel,insulin_delta1,0.0001478018450971166,0.00026329623044067077,1187.0,0.0
smoke_lag1,pain_killer_past_mean,0.0001467680432718301,0.00020839926564484464,1679.0,0.0
heart_disease,urination_proper,0.0001465418045357205,0.00022034955468180626,2320.0,0.0
hypertension_past_mean,smoke_past_mean,0.00014549656418696722,0.00017324108724258932,1061.0,0.0
insulin,heart_disease_lag1,0.00014495471992452582,0.00022496268978526612,2647.0,0.0
hypertension,pain_killer_past_mean,0.00014490345883077163,0.00032401398412044757,2968.0,0.0
follow_diet_past_mean,hypertension_lag1,0.00014403448079117613,0.0002114974816528609,1195.0,0.0
follow_diet_past_mean,walk_regularly_past_mean,0.00014371901317256525,0.0001779817363789615,1163.0,0.0
zarda_betel_lag1,calorie_intake_past_slope,0.00014329981003784078,0.00020052450405261062,1429.0,0.0
water_sufficient_lag1,urination_proper_lag1,0.00014280101987901997,0.00029290121936707705,1961.0,0.0
smoke_past_mean,pain_killer_lag1,0.00014246879028119,0.00020550179558614053,1545.0,0.0
job,sleep_sufficient_lag1,0.0001423677046492043,0.00023413792275553885,1281.0,0.0
walk_regularly_past_mean,pain_killer_past_mean,0.00014221711822935695,0.00013517957531753173,1192.0,0.0
height_cm,calorie_intake_past_max,0.0001417019505141235,0.0003168551938938914,1872.0,0.0
sleep_sufficient,heart_disease_past_mean,0.00014138335018482208,0.0002066907288594254,2214.0,0.0
weight_kg_past_mean,sleep_sufficient_lag1,0.00014127887164952897,0.00019475193051475236,2693.0,0.0
follow_diet_lag1,hypertension_lag1,0.00014089649586999426,0.00031505414255682555,2733.0,0.0
insulin,smoke,0.00014050895418087658,0.0003141875729958433,2742.0,0.0
water_sufficient_past_mean,walk_regularly_past_mean,0.000140192815290717,0.00031348066494711515,2050.0,0.0
bmi_current_past_mean,zarda_betel_lag1,0.00013952916737314225,0.00024092263236840438,2675.0,0.0
take_medicine_delta1,pain_killer_past_mean,0.00013906047134040652,0.00031094866690031033,1617.0,0.0
smoke,calorie_intake,0.0001387666121971658,0.00018680233508171792,1277.0,0.0
bmi_current,take_medicine_delta1,0.00013823510750704104,0.00016866572459938565,1185.0,0.0
urination_proper,bmi_current_past_mean,0.00013781795393998913,0.00018895581389781425,2191.0,0.0
urinary_infection_lag1,weight_kg_past_max,0.0001375353047088286,0.0003075382906350877,1795.0,0.0
sleep_sufficient_past_mean,weight_kg_past_min,0.00013652768804969667,0.00030528519129000746,2024.0,0.0
follow_diet_lag1,hypertension_past_mean,0.0001358962083010744,0.00017519329335603136,1188.0,0.0
water_sufficient,calorie_intake_lag1,0.00013583810365829717,0.00030374323371461535,2249.0,0.0
water_sufficient,weight_kg_past_slope,0.00013560383335242568,0.00019014095144416146,1378.0,0.0
heart_disease_past_mean,weight_kg_past_max,0.00013517649849516844,0.00023756136149755342,1740.0,0.0
smoke,pain_killer_lag1,0.0001347803999962879,0.000206056609421274,2254.0,0.0
weight_kg_delta1,zarda_betel_lag1,0.00013411049872687507,0.00029988019164969165,2521.0,0.0
heart_disease,urination_proper_past_mean,0.00013403329105141906,0.00018672435141250463,2227.0,0.0
walk_regularly_past_mean,pain_killer_lag1,0.00013199967427808955,0.0001986914849721974,1500.0,0.0
smoke,follow_diet_delta1,0.0001318038309800179,0.00023577918181431497,1468.0,0.0
heart_disease,heart_disease_lag1,0.00013050811728590076,0.0002918250218667894,2435.0,0.0
job,sleep_sufficient,0.0001302824159717339,0.00016690902692385558,1388.0,0.0
urinary_infection,urination_proper_lag1,0.00013006362039888068,0.0002908310966116255,2609.0,0.0
walk_regularly_lag1,weight_kg_past_min,0.0001297629937788378,0.00019538230849677307,1436.0,0.0
water_sufficient_past_mean,pain_killer_past_mean,0.00012964493158767695,0.00024662783461961373,1886.0,0.0
follow_diet,follow_diet_past_mean,0.0001294095746746859,0.0002548011980013295,2425.0,0.0
family_diabetes,water_sufficient_past_mean,0.0001293874763595239,0.00028931919257704243,2132.0,0.0
walk_regularly_lag1,weight_kg_past_max,0.00012817520632292447,0.00028660847436811997,1614.0,0.0
zarda_betel_lag1,weight_kg_past_min,0.00012815252402542955,0.00018424289738246905,1560.0,0.0
gender,job,0.0001279289389857114,0.00016150540199389276,1560.0,0.0
smoke,heart_disease_past_mean,0.0001269908162441563,0.00028396009764011804,2188.0,0.0
bmi_current_lag1,sleep_sufficient_past_mean,0.00012697787128860595,0.0002617059445944291,2725.0,0.0
sleep_sufficient,insulin_delta1,0.00012668126470614198,0.0002577757771291714,2379.0,0.0
urination_proper,walk_regularly_past_mean,0.0001245946857813461,0.0002786021870423164,2511.0,0.0
job,follow_diet,0.00012458137786419045,0.00017099067020279093,1461.0,0.0
urinary_infection,follow_diet_past_mean,0.0001242766780029078,0.0001843391067146042,2198.0,0.0
urinary_infection_lag1,pain_killer_past_mean,0.00012421769145859823,0.0002055084942243117,1691.0,0.0
follow_diet,hypertension_lag1,0.0001237652299898839,0.00014912717727431443,1295.0,0.0
walk_regularly,pain_killer,0.0001237030571041226,0.0001695189156871056,2245.0,0.0
smoke_lag1,weight_kg_past_max,0.00012292975049452525,0.0002012294844574506,1646.0,0.0
take_medicine_delta1,weight_kg_past_min,0.00012284576090187575,0.00016939873023918053,1285.0,0.0
smoke,insulin_past_mean,0.0001227388935569783,0.00017136629567271458,2093.0,0.0
weight_kg,hypertension,0.0001224133681279303,0.00013279360598177642,1420.0,0.0
calorie_intake_past_mean,urinary_infection_past_mean,0.00012203921644602959,0.00017388421481683418,1254.0,0.0
take_medicine,zarda_betel,0.0001210448607364691,0.00027066453693374014,2767.0,0.0
weight_kg_lag1,sleep_sufficient_past_mean,0.00012065506612445943,0.00017451949128423954,2292.0,0.0
heart_disease,smoke,0.00012062820982060227,0.000206523697606492,2458.0,0.0
calorie_intake_past_mean,smoke_past_mean,0.00012038495184160174,0.00019486613040227025,2767.0,0.0
bmi_current_past_max,calorie_intake_past_min,0.0001198390148828392,0.0001909136718530905,2436.0,0.0
water_sufficient,urinary_infection,0.00011981935968790138,0.00021774024520918592,2243.0,0.0
take_medicine,follow_diet_lag1,0.00011930123901697338,0.0002667656802419027,2752.0,0.0
follow_diet_past_mean,take_medicine_delta1,0.0001189297053212348,0.0001707433012913948,1561.0,0.0
job,smoke,0.00011843115076189271,0.00018435404176012362,1290.0,0.0
hypertension,weight_kg_past_max,0.00011683100151151454,0.0001330938093773524,1272.0,0.0
insulin,pain_killer_lag1,0.0001159220392270083,0.00025920955980198774,2624.0,0.0
take_medicine,walk_regularly_lag1,0.00011583538667934043,0.000231589025562033,2162.0,0.0
sleep_sufficient,calorie_intake_past_min,0.00011578488246152901,0.00025890286795080203,2351.0,0.0
sleep_sufficient_lag1,smoke_past_mean,0.00011535950086738647,0.0002579516857899221,1707.0,0.0
weight_kg,smoke,0.00011481269716783491,0.00018483550442679295,1478.0,0.0
smoke_past_mean,weight_kg_past_min,0.00011408483765898341,0.00015630411756273305,1547.0,0.0
weight_kg_lag1,urination_proper_lag1,0.00011347773926069892,0.00011006036777067181,1203.0,0.0
walk_regularly,urination_proper_lag1,0.00011300327304005603,0.00010976746528004227,1226.0,0.0
walk_regularly_lag1,pain_killer_past_mean,0.00011288154332372987,0.00025241080427694756,1612.0,0.0
calorie_intake,insulin_lag1,0.00011203762304410787,0.00021000092280388334,2403.0,0.0
follow_diet,smoke_past_mean,0.0001119943478667835,0.0001935140315497732,2403.0,0.0
insulin_lag1,weight_kg_past_max,0.00011141013840871956,0.00015264716276682105,1161.0,0.0
water_sufficient,hypertension_lag1,0.00011136044868657363,0.0002490095332680558,2239.0,0.0
urination_proper,take_medicine_past_mean,0.00011120963843257799,0.0001900001452647204,2186.0,0.0
insulin,calorie_intake_past_mean,0.00011035077952329174,0.00024675184438417214,2637.0,0.0
insulin,smoke_lag1,0.00010969598073765165,0.0002452876697878966,2588.0,0.0
zarda_betel,calorie_intake_lag1,0.00010967145485098571,0.0002452328282381031,2382.0,0.0
urinary_infection,insulin_lag1,0.00010957767127602162,0.0002450231217893105,2578.0,0.0
family_diabetes,water_sufficient,0.00010949577349927342,0.0002448399927932954,1754.0,0.0
follow_diet,heart_disease_lag1,0.00010935681029729701,0.0002445292616273051,2448.0,0.0
water_sufficient_past_mean,bmi_current_past_slope,0.0001084891639035431,0.00024258914531043882,2060.0,0.0
smoke,weight_kg_past_mean,0.00010785279176606349,0.00013054678736931538,1526.0,0.0
pain_killer,calorie_intake_past_min,0.00010742709344149384,0.00024021428356040206,2313.0,0.0
take_medicine,heart_disease_lag1,0.00010688445887467609,0.00022462083222551778,2576.0,0.0
family_diabetes,hypertension,0.00010668162968043237,0.00023854737591590594,2105.0,0.0
smoke_lag1,bmi_current_past_slope,0.00010563155244029966,0.00015885116770809372,1400.0,0.0
take_medicine_delta1,bmi_current_past_max,0.00010496249018819939,0.00010634254416758384,1182.0,0.0
job,zarda_betel_past_mean,0.0001045489745198842,0.00013578534561672006,1305.0,0.0
heart_disease_past_mean,weight_kg_past_min,0.0001036551055347746,0.00015798828942554217,1787.0,0.0
take_medicine,walk_regularly_past_mean,0.00010271204292652482,0.00022967111009158594,2431.0,0.0
bmi_current_lag1,take_medicine_delta1,0.00010187577834529284,0.00012125832206608734,1192.0,0.0
height_cm,sleep_sufficient_past_mean,0.00010157582410575505,0.0001455043733177047,1437.0,0.0
weight_kg_delta1,water_sufficient_past_mean,0.00010073131831851823,0.00022524207522337656,3025.0,0.0
insulin_delta1,urination_proper_lag1,0.00010009408066767574,0.00010421778384070154,1218.0,0.0
calorie_intake_past_mean,walk_regularly_past_mean,9.814442455361165e-05,0.00021945760491447512,2717.0,0.0
smoke_lag1,urination_proper_past_mean,9.807891844763544e-05,0.00021931112880857102,1746.0,0.0
zarda_betel_lag1,pain_killer_past_mean,9.601914273504475e-05,0.00021470533029681514,1764.0,0.0
bmi_current_past_mean,take_medicine_delta1,9.571589807452452e-05,0.00013938001320224261,1456.0,0.0
urination_proper,weight_kg_past_mean,9.560649517520317e-05,0.00021208787601190965,2189.0,0.0
heart_disease,zarda_betel,9.53150031711996e-05,0.00021313082636641032,2470.0,0.0
bmi_current_past_mean,calorie_intake_past_min,9.483404479404312e-05,0.00021205537074074046,2851.0,0.0
pain_killer,zarda_betel_past_mean,9.382458702237808e-05,0.00018081291735122192,2255.0,0.0
insulin,follow_diet_lag1,9.362346711315501e-05,0.0002093484367542306,2636.0,0.0
weight_kg_delta1,follow_diet_lag1,9.344935620402537e-05,0.00020895911292579243,3020.0,0.0
water_sufficient,pain_killer_past_mean,9.32523793853236e-05,0.00013694364329496072,1557.0,0.0
family_diabetes,follow_diet_lag1,9.312066132717288e-05,0.00013623376451787724,1309.0,0.0
calorie_intake,calorie_intake_past_min,9.106685189247906e-05,0.00020363167132848853,2398.0,0.0
water_sufficient,weight_kg_past_min,8.987181169427117e-05,0.00011233454144912631,1328.0,0.0
sleep_sufficient,zarda_betel_past_mean,8.95614295509181e-05,0.00014735153864024872,2454.0,0.0
bmi_current_lag1,zarda_betel_lag1,8.902267975081795e-05,0.0001093414084058794,1454.0,0.0
heart_disease,calorie_intake_past_mean,8.85678286916355e-05,0.00019804368557405324,2467.0,0.0
zarda_betel_past_mean,urination_proper_lag1,8.827977445760395e-05,0.00019739957672555207,1683.0,0.0
take_medicine_lag1,bmi_current_past_min,8.819729654815552e-05,0.00014826540776421637,1332.0,0.0
follow_diet_delta1,smoke_lag1,8.775060742777878e-05,0.0001682143464880857,1503.0,0.0
walk_regularly,hypertension_delta1,8.763188342422838e-05,0.00018373853578381222,2240.0,0.0
follow_diet_past_mean,calorie_intake_past_min,8.731831356101983e-05,0.00019524968480308207,1403.0,0.0
calorie_intake,water_sufficient_past_mean,8.674660188362717e-05,0.00018943721181014723,2668.0,0.0
take_medicine_past_mean,hypertension_lag1,8.66560165478541e-05,0.00019376874366034842,1370.0,0.0
bmi_current,water_sufficient_past_mean,8.587424659235023e-05,0.00010415985390636039,1415.0,0.0
insulin_lag1,bmi_current_past_slope,8.565277770616889e-05,0.00011730013868555744,1235.0,0.0
job,hypertension_lag1,8.561445370621081e-05,0.00013506654941577932,1706.0,0.0
gender,urination_proper_lag1,8.395990711427507e-05,0.00018774005969208725,1837.0,0.0
take_medicine_lag1,hypertension_delta1,8.387076345906297e-05,0.00018754072841927022,1423.0,0.0
pain_killer_past_mean,calorie_intake_past_max,8.383355060687903e-05,0.00018745751795215025,1917.0,0.0
pain_killer_past_mean,calorie_intake_past_min,8.329850138025113e-05,0.0001376590593174288,1783.0,0.0
weight_kg_lag1,urination_proper_past_mean,8.315460659717071e-05,0.00018593935299352618,2979.0,0.0
hypertension_past_mean,calorie_intake_past_min,8.293053187395435e-05,0.00018543830668037495,1474.0,0.0
urination_proper,hypertension_lag1,8.200479231756934e-05,0.00018336829010283758,2489.0,0.0
take_medicine_past_mean,calorie_intake_past_min,8.180020654372666e-05,0.00018291082240529593,1543.0,0.0
sleep_sufficient_past_mean,urinary_infection_lag1,8.164886158391656e-05,0.00018257240478710858,1972.0,0.0
family_diabetes,zarda_betel_past_mean,8.156505780578549e-05,0.0001823850138424362,2098.0,0.0
take_medicine_past_mean,insulin_lag1,8.152771603150153e-05,0.00015268298660735182,1465.0,0.0
hypertension_delta1,bmi_current_past_max,8.121248320579235e-05,0.00013234880120229785,1245.0,0.0
follow_diet_delta1,calorie_intake_past_min,8.11923861481254e-05,0.00017609343555505973,1376.0,0.0
urination_proper,weight_kg_past_max,7.996161918492846e-05,0.00016529916958146922,2163.0,0.0
smoke,sleep_sufficient_lag1,7.971131060290106e-05,0.00017823990908368652,2203.0,0.0
follow_diet,insulin,7.897008830378362e-05,0.000118910401273375,2122.0,0.0
insulin_lag1,hypertension_lag1,7.856791010628793e-05,0.00017568318784775256,1557.0,0.0
urination_proper,pain_killer,7.770541025803845e-05,0.00017375457955648346,2570.0,0.0
insulin_delta1,walk_regularly_past_mean,7.732148243854068e-05,0.00017289609085363318,1258.0,0.0
hypertension_lag1,calorie_intake_past_max,7.619933376071205e-05,0.00017038689012914684,1209.0,0.0
zarda_betel,follow_diet_past_mean,7.593542697990133e-05,0.00016979677662753092,2314.0,0.0
smoke,weight_kg_past_min,7.593380091782356e-05,0.00015441204140737532,2099.0,0.0
hypertension,urinary_infection_past_mean,7.588705732916954e-05,0.0001532511374848028,2298.0,0.0
zarda_betel,hypertension_past_mean,7.585791362503872e-05,0.00010736001843570824,2335.0,0.0
weight_kg,urination_proper,7.46166526236322e-05,7.793445615262442e-05,1478.0,0.0
take_medicine_delta1,take_medicine_past_mean,7.443532563080596e-05,0.00011102995191340556,1305.0,0.0
hypertension_lag1,urination_proper_past_mean,7.44223445357402e-05,0.00016641342142682513,1205.0,0.0
insulin_delta1,sleep_sufficient_lag1,7.440796085204872e-05,0.00013954080758905526,1594.0,0.0
follow_diet_delta1,zarda_betel_lag1,7.418495319569643e-05,0.00015711980947106692,1595.0,0.0
insulin_delta1,calorie_intake_past_max,7.396164913215906e-05,0.00016538327518749599,1497.0,0.0
job,walk_regularly_past_mean,7.378698748409318e-05,0.00016499271986935855,1883.0,0.0
sleep_sufficient_lag1,pain_killer_lag1,7.373635028548604e-05,0.00016487949165108282,1788.0,0.0
calorie_intake_past_mean,urination_proper_past_mean,7.263823438543118e-05,0.00011054263937492575,1397.0,0.0
take_medicine_delta1,urinary_infection_past_mean,7.187659796697552e-05,0.00010705518494320573,1356.0,0.0
smoke_lag1,bmi_current_past_max,7.180079102749935e-05,6.616391528019315e-05,1409.0,0.0
sleep_sufficient,pain_killer,7.171640331865434e-05,0.00016036275292230262,2355.0,0.0
heart_disease,walk_regularly_lag1,7.114278924975361e-05,0.00012226199657257194,2230.0,0.0
hypertension_delta1,urinary_infection_past_mean,7.102732156127503e-05,0.00010670163100740957,1237.0,0.0
water_sufficient,sleep_sufficient_lag1,7.0633134505129e-05,0.00015794049021735442,2378.0,0.0
pain_killer,insulin_delta1,7.018270691400571e-05,0.00013502599326880335,2180.0,0.0
follow_diet_delta1,insulin_lag1,7.013710837317804e-05,0.00013633496007022026,1310.0,0.0
hypertension,calorie_intake_lag1,7.012712179687021e-05,0.00012673868523589233,2315.0,0.0
follow_diet_past_mean,water_sufficient_lag1,7.008382250798647e-05,0.00015671219125088756,1383.0,0.0
family_diabetes,heart_disease_lag1,6.953409050261955e-05,0.00010120905601743243,1365.0,0.0
water_sufficient_lag1,smoke_past_mean,6.926180076655686e-05,0.00015487409475806817,2016.0,0.0
hypertension,calorie_intake_past_max,6.876567729874486e-05,0.00015376472895880762,2316.0,0.0
bmi_current_delta1,hypertension_delta1,6.840037646110102e-05,6.874262549392292e-05,1417.0,0.0
pain_killer,heart_disease_lag1,6.829862035966341e-05,0.00015272035789365852,2728.0,0.0
smoke,sleep_sufficient_past_mean,6.820681862556902e-05,0.00011889830694738747,2047.0,0.0
calorie_intake_lag1,hypertension_delta1,6.79797631836503e-05,0.00015200737157297962,2741.0,0.0
heart_disease_lag1,zarda_betel_past_mean,6.729718500383852e-05,0.00011879087829529465,1483.0,0.0
follow_diet,urinary_infection_lag1,6.689644241205131e-05,0.00014958499268624673,2214.0,0.0
smoke_lag1,bmi_current_past_min,6.630040181915191e-05,8.310072235953925e-05,1193.0,0.0
age,calorie_intake_past_max,6.562419990972131e-05,0.0001467401719671724,1776.0,0.0
follow_diet,pain_killer_lag1,6.556288987201794e-05,0.0001466030785551646,2406.0,0.0
family_diabetes,pain_killer,6.538729028110463e-05,0.00014621042593306128,1749.0,0.0
zarda_betel,smoke_past_mean,6.473713710821435e-05,0.00014475663924269145,2294.0,0.0
bmi_current_past_mean,urination_proper_past_mean,6.45746855739317e-05,0.00010040563855752469,1262.0,0.0
take_medicine_lag1,zarda_betel_past_mean,6.422438251221023e-05,9.708300342908665e-05,1363.0,0.0
calorie_intake_past_mean,water_sufficient_lag1,6.366710187427324e-05,0.00014236396772127923,2773.0,0.0
urinary_infection,walk_regularly_lag1,6.354753071004714e-05,0.00014209659846992087,2612.0,0.0
height_cm,hypertension_delta1,6.337645649445926e-05,0.00011666784892389544,1513.0,0.0
take_medicine_lag1,insulin_past_mean,6.254407605241823e-05,0.00013985280564312387,1418.0,0.0
job,insulin_delta1,6.23971876722373e-05,6.74507327160113e-05,1192.0,0.0
follow_diet_past_mean,insulin_lag1,6.223736865522613e-05,0.0001391669870538003,2810.0,0.0
follow_diet,zarda_betel,6.18109132773516e-05,0.00013821340383950251,2701.0,0.0
calorie_intake_lag1,walk_regularly_past_mean,6.0765935733059e-05,0.00013587676301550345,2735.0,0.0
smoke_past_mean,urinary_infection_lag1,6.052365463048051e-05,0.00013533500600047433,1716.0,0.0
take_medicine_lag1,pain_killer_past_mean,6.03825408638486e-05,0.00013501946602572433,1373.0,0.0
water_sufficient_past_mean,weight_kg_past_min,5.96599509598441e-05,0.00013340370588051524,2064.0,0.0
hypertension_lag1,zarda_betel_past_mean,5.949760431890273e-05,0.0001330406877554516,1252.0,0.0
hypertension_delta1,bmi_current_past_min,5.941559284242164e-05,7.068268363545888e-05,1261.0,0.0
urinary_infection_past_mean,calorie_intake_past_min,5.9407742842969376e-05,8.213944594494453e-05,1310.0,0.0
urination_proper,weight_kg_lag1,5.8651203142516614e-05,8.806821390291358e-05,2187.0,0.0
calorie_intake_lag1,take_medicine_delta1,5.8637108659169195e-05,0.000111704838094349,2654.0,0.0
family_diabetes,water_sufficient_lag1,5.829430060385491e-05,0.00013035001885102664,1979.0,0.0
heart_disease_past_mean,urination_proper_past_mean,5.8015712248020165e-05,0.0001297270763496402,1908.0,0.0
height_cm,hypertension,5.7905670888913565e-05,7.974967387600506e-05,1320.0,0.0
weight_kg_past_mean,smoke_lag1,5.75853861916418e-05,9.54461033672554e-05,2677.0,0.0
zarda_betel_lag1,weight_kg_past_max,5.7009702606693253e-05,7.877367411183651e-05,1561.0,0.0
bmi_current_past_slope,calorie_intake_past_max,5.689620212344548e-05,0.000127223775609592,2430.0,0.0
sleep_sufficient,urination_proper_lag1,5.597657845866185e-05,0.0001251674345814183,2267.0,0.0
insulin,walk_regularly_past_mean,5.5661153674440775e-05,0.00012446212332211176,2620.0,0.0
take_medicine_delta1,insulin_past_mean,5.534032926402472e-05,0.00010273144093603828,1326.0,0.0
follow_diet_past_mean,zarda_betel_past_mean,5.51123383040165e-05,7.62656863531653e-05,1389.0,0.0
bmi_current_lag1,hypertension_delta1,5.481708409960384e-05,7.136379047928801e-05,1555.0,0.0
insulin_lag1,zarda_betel_lag1,5.435709590664406e-05,0.00012154616150673167,1553.0,0.0
heart_disease_past_mean,calorie_intake_past_min,5.389656650410423e-05,0.00012051638645701524,1770.0,0.0
insulin,take_medicine_lag1,5.310024611428016e-05,7.271103774836706e-05,1579.0,0.0
weight_kg_delta1,sleep_sufficient_past_mean,5.234286554368947e-05,7.510836075251522e-05,2472.0,0.0
take_medicine,smoke_past_mean,5.189282159650863e-05,0.00011603587663406246,2436.0,0.0
hypertension,bmi_current_past_mean,5.178261284132937e-05,0.00011578944236576599,2316.0,0.0
follow_diet,zarda_betel_lag1,5.13036192335357e-05,0.00011471838009795148,2402.0,0.0
smoke,calorie_intake_past_min,5.1075500391023066e-05,0.00011420829085914466,2259.0,0.0
hypertension_lag1,pain_killer_lag1,5.104054151000642e-05,7.022126556496443e-05,1228.0,0.0
gender,water_sufficient_lag1,5.0749402546583725e-05,7.738873876499776e-05,1907.0,0.0
calorie_intake,take_medicine_delta1,5.054353908676048e-05,5.33059129340477e-05,1381.0,0.0
insulin,take_medicine_delta1,4.9958678300993544e-05,9.93863162031762e-05,1580.0,0.0
urinary_infection,take_medicine_lag1,4.9393655684220446e-05,0.0001104475717671358,2579.0,0.0
follow_diet_lag1,calorie_intake_past_min,4.939080513045077e-05,0.00011044119773513329,2812.0,0.0
bmi_current_lag1,calorie_intake_past_min,4.899980086246155e-05,0.00010536344261095021,2464.0,0.0
sleep_sufficient_past_mean,urinary_infection_past_mean,4.8655992450412115e-05,0.00010879810663183805,2030.0,0.0
smoke_past_mean,zarda_betel_past_mean,4.8577038051430705e-05,0.00010862155922859299,1707.0,0.0
job,heart_disease_lag1,4.8403638423689156e-05,0.00010823382587368971,2066.0,0.0
calorie_intake_past_mean,insulin_delta1,4.834958011251334e-05,8.805098916247603e-05,1333.0,0.0
zarda_betel,hypertension_delta1,4.8294476299551587e-05,0.00010798973194354985,2336.0,0.0
walk_regularly,hypertension_lag1,4.76477163532097e-05,0.00010654353273840527,2286.0,0.0
follow_diet_past_mean,sleep_sufficient_past_mean,4.7557239130843245e-05,7.674623308835932e-05,1358.0,0.0
water_sufficient,smoke_past_mean,4.748044454161444e-05,0.00010616950159695872,2194.0,0.0
weight_kg_delta1,smoke_lag1,4.731157303037197e-05,8.536480103325529e-05,2467.0,0.0
bmi_current_past_mean,hypertension_delta1,4.7290563263622135e-05,5.797832686093409e-05,1369.0,0.0
take_medicine_delta1,bmi_current_past_min,4.699592474489638e-05,0.00010002417459825602,1325.0,0.0
hypertension,follow_diet_delta1,4.6899714206284065e-05,0.00010487094909056377,2338.0,0.0
take_medicine,insulin,4.68268765568279e-05,0.00010470807915505847,2783.0,0.0
zarda_betel_lag1,bmi_current_past_slope,4.659017116339904e-05,7.623650279510409e-05,1565.0,0.0
smoke_lag1,weight_kg_past_min,4.62589201868449e-05,9.381229106221662e-05,1671.0,0.0
hypertension_delta1,pain_killer_past_mean,4.600523287178075e-05,0.00010287082802200962,1234.0,0.0
hypertension,follow_diet_past_mean,4.541311834143814e-05,0.00010154681968169819,2339.0,0.0
water_sufficient,heart_disease_past_mean,4.5409601075797125e-05,0.00010153895483662996,2202.0,0.0
walk_regularly_past_mean,urinary_infection_lag1,4.4603570453379676e-05,9.973661557295807e-05,1786.0,0.0
insulin_delta1,hypertension_past_mean,4.4561585654053874e-05,8.633823304727237e-05,1575.0,0.0
gender,water_sufficient_past_mean,4.439769201551534e-05,9.927625739079195e-05,1989.0,0.0
follow_diet_delta1,sleep_sufficient_past_mean,4.4318543056194073e-05,9.909927493740124e-05,2794.0,0.0
take_medicine_delta1,heart_disease_past_mean,4.4276418582736405e-05,8.524002878722546e-05,1483.0,0.0
zarda_betel,water_sufficient_lag1,4.40155528606301e-05,9.842176826360422e-05,2443.0,0.0
smoke,calorie_intake_past_mean,4.340450222110145e-05,9.705541749592344e-05,2178.0,0.0
sleep_sufficient_past_mean,urination_proper_lag1,4.309020623900246e-05,9.635263031489506e-05,1969.0,0.0
walk_regularly,follow_diet_lag1,4.2953646840851274e-05,9.604727421766254e-05,2278.0,0.0
insulin,smoke_past_mean,4.2880416233801104e-05,9.58835256022648e-05,2634.0,0.0
pain_killer,follow_diet_lag1,4.206454906326555e-05,9.405919114833688e-05,2640.0,0.0
smoke_past_mean,walk_regularly_lag1,4.20314617033898e-05,9.398520556245869e-05,1681.0,0.0
pain_killer,smoke_past_mean,4.2017800688835554e-05,5.8403403259904564e-05,2605.0,0.0
weight_kg_lag1,calorie_intake_past_min,4.190501195778237e-05,9.370245533554293e-05,2985.0,0.0
height_cm,calorie_intake_past_min,4.1693777788148085e-05,6.493394032194625e-05,1490.0,0.0
hypertension,heart_disease,4.099547187593212e-05,9.166866188426504e-05,2627.0,0.0
follow_diet_past_mean,smoke_lag1,4.051627253629709e-05,7.10470614320291e-05,1380.0,0.0
walk_regularly_past_mean,weight_kg_past_min,4.002781164325068e-05,8.950490782486608e-05,1782.0,0.0
hypertension,walk_regularly,4.000824687694829e-05,8.946115967745004e-05,2941.0,0.0
hypertension,walk_regularly_past_mean,3.982402427172989e-05,8.904922540918959e-05,2546.0,0.0
family_diabetes,smoke_past_mean,3.8874800758486924e-05,5.420930323140315e-05,1266.0,0.0
take_medicine_past_mean,hypertension_delta1,3.881488689509807e-05,6.431903126500296e-05,1337.0,0.0
family_diabetes,heart_disease_past_mean,3.877356855269271e-05,5.371771425522514e-05,1406.0,0.0
gender,family_diabetes,3.830702355855325e-05,8.565710869261097e-05,2518.0,0.0
pain_killer,follow_diet_past_mean,3.82565330923643e-05,8.554420857799681e-05,2638.0,0.0
urination_proper,calorie_intake_past_max,3.811343607036683e-05,8.522423390943269e-05,2477.0,0.0
follow_diet_past_mean,walk_regularly_lag1,3.788456738180345e-05,5.204519178203298e-05,1390.0,0.0
family_diabetes,take_medicine_delta1,3.7808072404170415e-05,6.220746724299262e-05,1345.0,0.0
smoke,weight_kg_lag1,3.780492857846248e-05,5.854709425603396e-05,2173.0,0.0
insulin_delta1,heart_disease_past_mean,3.727361310797233e-05,5.1108578137465736e-05,1435.0,0.0
family_diabetes,walk_regularly_past_mean,3.646258557695246e-05,8.153281998546908e-05,2156.0,0.0
job,smoke_lag1,3.620445312405814e-05,8.095561827359862e-05,1868.0,0.0
insulin_past_mean,urination_proper_lag1,3.5691099433652624e-05,5.3341276290293476e-05,1302.0,0.0
smoke,heart_disease_lag1,3.5353991120163e-05,7.90539274206084e-05,2190.0,0.0
calorie_intake,hypertension_delta1,3.519105827086563e-05,6.16162412808164e-05,2402.0,0.0
hypertension_delta1,weight_kg_past_slope,3.482079004445223e-05,4.437663246333892e-05,1282.0,0.0
take_medicine_past_mean,calorie_intake_past_max,3.4312996591230384e-05,7.672619288970971e-05,1525.0,0.0
take_medicine_delta1,water_sufficient_lag1,3.424221387041971e-05,7.656791791434465e-05,1396.0,0.0
water_sufficient_past_mean,bmi_current_past_min,3.369193966368494e-05,4.797809306794341e-05,1593.0,0.0
sleep_sufficient,water_sufficient,3.359346938518019e-05,7.511728114532096e-05,2359.0,0.0
bmi_current,hypertension_delta1,3.3457364207222495e-05,3.0568681516330785e-05,1498.0,0.0
insulin_delta1,heart_disease_lag1,3.337144766652954e-05,6.977535451214017e-05,1198.0,0.0
urination_proper,zarda_betel_past_mean,3.333206738310825e-05,7.453276849923357e-05,2548.0,0.0
take_medicine_past_mean,urination_proper_past_mean,3.2897980575229745e-05,5.222709918437423e-05,1384.0,0.0
hypertension_lag1,heart_disease_past_mean,3.24073463569371e-05,7.246502942449152e-05,1304.0,0.0
urination_proper,weight_kg_past_min,3.237839657948219e-05,7.240029575416886e-05,2514.0,0.0
hypertension_delta1,bmi_current_past_slope,3.228573093583886e-05,6.610918306061284e-05,1320.0,0.0
insulin_past_mean,calorie_intake_past_min,3.22585433132626e-05,5.146544782200328e-05,1325.0,0.0
job,take_medicine_lag1,3.166873680940661e-05,7.081344826738297e-05,1666.0,0.0
follow_diet,urination_proper_lag1,3.14670799996277e-05,5.08967253049523e-05,2211.0,0.0
weight_kg_past_min,calorie_intake_past_min,3.0995867249918734e-05,6.930886619237775e-05,2400.0,0.0
heart_disease,smoke_past_mean,3.028396661481469e-05,6.771700797905983e-05,2441.0,0.0
follow_diet,walk_regularly_lag1,3.023910703405253e-05,6.76166989070335e-05,2399.0,0.0
weight_kg_delta1,insulin_lag1,3.0051476999682382e-05,6.719714539556123e-05,3024.0,0.0
insulin_delta1,zarda_betel_past_mean,2.9649611107713787e-05,5.232135944788159e-05,1218.0,0.0
follow_diet_lag1,heart_disease_lag1,2.95914383796598e-05,6.616846776891554e-05,2778.0,0.0
follow_diet_lag1,zarda_betel_past_mean,2.9472508573778697e-05,4.050937413071526e-05,1470.0,0.0
smoke,take_medicine_delta1,2.920184033660509e-05,6.529730006074431e-05,2348.0,0.0
heart_disease_past_mean,pain_killer_lag1,2.9152659839754946e-05,6.518732912662019e-05,1939.0,0.0
job,water_sufficient,2.9115817035587303e-05,4.926522535543504e-05,1879.0,0.0
follow_diet,smoke,2.9048496496692043e-05,4.253497440040047e-05,2418.0,0.0
water_sufficient,zarda_betel_lag1,2.8902720847403248e-05,6.4628448549494e-05,2146.0,0.0
walk_regularly,urinary_infection_lag1,2.841426181332318e-05,6.353622094506707e-05,2562.0,0.0
sleep_sufficient,take_medicine_delta1,2.8334335388736203e-05,6.335750002649208e-05,2381.0,0.0
bmi_current_lag1,smoke_lag1,2.830395313451472e-05,6.328956324074316e-05,2726.0,0.0
insulin_delta1,walk_regularly_lag1,2.814384021074662e-05,4.783462309574435e-05,1564.0,0.0
take_medicine_lag1,insulin_delta1,2.804030002353762e-05,4.5480447362985725e-05,1444.0,0.0
insulin_delta1,water_sufficient_lag1,2.7521412285597484e-05,3.291919530931299e-05,1334.0,0.0
take_medicine_delta1,smoke_past_mean,2.710059278143524e-05,6.05987676898293e-05,1351.0,0.0
take_medicine,urination_proper_past_mean,2.684858356565423e-05,4.497827933616688e-05,2371.0,0.0
gender,urination_proper_past_mean,2.6610620812324346e-05,5.9503157059827915e-05,1665.0,0.0
urination_proper,bmi_current_past_min,2.6606407983235034e-05,5.9493736887606626e-05,2526.0,0.0
weight_kg_past_mean,water_sufficient_past_mean,2.6575503717241396e-05,4.400320153437405e-05,2492.0,0.0
pain_killer,walk_regularly_lag1,2.604248577320388e-05,5.823276849195505e-05,2601.0,0.0
hypertension_delta1,smoke_past_mean,2.5954308299813066e-05,5.8035597667369015e-05,1393.0,0.0
urination_proper_past_mean,weight_kg_past_max,2.5879394505466994e-05,5.786808533075875e-05,1743.0,0.0
heart_disease_past_mean,urinary_infection_lag1,2.584176440445196e-05,5.778394186688895e-05,1941.0,0.0
weight_kg,follow_diet_lag1,2.5760120175670594e-05,5.760137982136327e-05,1736.0,0.0
water_sufficient,zarda_betel_past_mean,2.5691743693106625e-05,5.7448485358287906e-05,2144.0,0.0
age,water_sufficient_past_mean,2.5605240016513967e-05,5.5981854938486736e-05,1795.0,0.0
urinary_infection_lag1,weight_kg_past_min,2.5000964532930452e-05,5.590385619869377e-05,1796.0,0.0
water_sufficient_past_mean,urinary_infection_past_mean,2.487180262262804e-05,3.4227036569972923e-05,1883.0,0.0
zarda_betel_past_mean,calorie_intake_past_min,2.4245743035037296e-05,5.421512959133546e-05,1724.0,0.0
urination_proper_past_mean,calorie_intake_past_min,2.4189541899594467e-05,5.408946003207262e-05,1734.0,0.0
insulin_lag1,weight_kg_past_slope,2.4151133121640996e-05,3.427933917854517e-05,1464.0,0.0
job,urinary_infection_lag1,2.4145082501415598e-05,5.399004579550594e-05,1864.0,0.0
smoke,walk_regularly_lag1,2.4092564215803837e-05,5.387261133881629e-05,2041.0,0.0
water_sufficient,smoke,2.407897726442672e-05,3.9259413933273195e-05,2260.0,0.0
job,pain_killer,2.3817807719231617e-05,5.3258237135221125e-05,1830.0,0.0
water_sufficient,calorie_intake_past_min,2.365507915718571e-05,5.2894365008605676e-05,2235.0,0.0
gender,sleep_sufficient_lag1,2.3067402987199893e-05,5.158028114376067e-05,1895.0,0.0
insulin_delta1,urination_proper_past_mean,2.2672694660337803e-05,3.2044109548722056e-05,1298.0,0.0
prior_visit_count,hypertension_delta1,2.2044213016611167e-05,4.929235881562827e-05,2413.0,0.0
water_sufficient_lag1,calorie_intake_past_min,2.1995756244235557e-05,4.404463059592511e-05,1907.0,0.0
follow_diet,heart_disease_past_mean,2.1866067582677465e-05,4.889401351547131e-05,2396.0,0.0
follow_diet_lag1,insulin_delta1,2.153290839186795e-05,3.309965450469665e-05,1341.0,0.0
take_medicine_delta1,insulin_delta1,2.1498812606832196e-05,3.744138969375664e-05,1401.0,0.0
follow_diet,take_medicine_delta1,2.1485557590621785e-05,4.804316730711691e-05,2423.0,0.0
sleep_sufficient_past_mean,pain_killer_lag1,2.133167549083493e-05,4.76990764714731e-05,2031.0,0.0
insulin,insulin_delta1,2.1318894233493594e-05,4.7670496711219955e-05,2640.0,0.0
follow_diet_past_mean,hypertension_delta1,2.1288074681130983e-05,4.760158209710104e-05,1428.0,0.0
follow_diet_delta1,hypertension_delta1,2.0871559441350806e-05,4.6670225707287935e-05,2813.0,0.0
weight_kg_past_mean,calorie_intake_past_max,2.043379848010787e-05,4.569136244005308e-05,2611.0,0.0
follow_diet_lag1,walk_regularly_lag1,2.0318049891121366e-05,4.543254072677958e-05,2708.0,0.0
job,water_sufficient_lag1,2.0047436574035447e-05,4.4827430954158755e-05,1801.0,0.0
job,take_medicine_delta1,1.9787261704506077e-05,2.9893703246099205e-05,1667.0,0.0
follow_diet,urination_proper_past_mean,1.9317307762001435e-05,3.0995562579682794e-05,2213.0,0.0
insulin_lag1,bmi_current_past_max,1.9147021104914557e-05,4.281404075721208e-05,1424.0,0.0
hypertension,take_medicine_past_mean,1.912822558377339e-05,4.2772012694267895e-05,2321.0,0.0
smoke,insulin_delta1,1.8395053039854378e-05,2.523217652655926e-05,2105.0,0.0
weight_kg_delta1,take_medicine_delta1,1.8281934359532335e-05,1.8158083913443534e-05,1523.0,0.0
follow_diet,insulin_delta1,1.8178043325020767e-05,3.320949118579492e-05,2056.0,0.0
job,walk_regularly_lag1,1.8005786813045586e-05,2.537079067528791e-05,1859.0,0.0
water_sufficient_lag1,smoke_lag1,1.7886209813242966e-05,3.999478100223509e-05,2029.0,0.0
insulin_lag1,insulin_delta1,1.7698319273428685e-05,3.957464498288122e-05,1559.0,0.0
urination_proper,water_sufficient_lag1,1.7658366755876627e-05,3.948530843776257e-05,2319.0,0.0
take_medicine,smoke,1.76246959425763e-05,3.941001821036534e-05,2446.0,0.0
follow_diet_past_mean,urinary_infection_lag1,1.7401556200197964e-05,3.891106257792559e-05,1442.0,0.0
hypertension_delta1,weight_kg_past_min,1.7382635457715064e-05,2.8439030498287164e-05,1362.0,0.0
take_medicine,urination_proper_lag1,1.6952329141903148e-05,3.790656033824612e-05,2430.0,0.0
walk_regularly_lag1,pain_killer_lag1,1.694900056185328e-05,3.789911740698607e-05,1624.0,0.0
hypertension_past_mean,sleep_sufficient_lag1,1.6878107377884294e-05,3.774059542849001e-05,1430.0,0.0
family_diabetes,zarda_betel_lag1,1.663274836878474e-05,3.719195600525143e-05,2100.0,0.0
weight_kg_past_mean,hypertension_delta1,1.5983518887704908e-05,1.5091975971820603e-05,1586.0,0.0
bmi_current_past_min,calorie_intake_past_min,1.5980078235411462e-05,3.5732541220144916e-05,2460.0,0.0
job,sleep_sufficient_past_mean,1.5959780505705657e-05,3.568715411673382e-05,1802.0,0.0
bmi_current_lag1,insulin_lag1,1.589746946206091e-05,3.554782238739521e-05,2958.0,0.0
insulin_delta1,smoke_lag1,1.5676762131804254e-05,3.5054305793808834e-05,1473.0,0.0
insulin_past_mean,sleep_sufficient_past_mean,1.5644394759640563e-05,3.498193014939778e-05,1446.0,0.0
zarda_betel_past_mean,urinary_infection_lag1,1.5417303178044357e-05,3.447413793583073e-05,1588.0,0.0
take_medicine_lag1,walk_regularly_past_mean,1.5065105663871176e-05,3.368660035263305e-05,1461.0,0.0
insulin_past_mean,hypertension_delta1,1.4768217777406045e-05,3.302273885680078e-05,1463.0,0.0
take_medicine_delta1,water_sufficient_past_mean,1.4655695587922503e-05,3.277113159213846e-05,1398.0,0.0
insulin_delta1,sleep_sufficient_past_mean,1.4528260899139897e-05,2.0395803559590067e-05,1461.0,0.0
job,urination_proper_past_mean,1.417015171861389e-05,3.1685422494306134e-05,1865.0,0.0
hypertension_delta1,urination_proper_lag1,1.3776303083752399e-05,3.080475017391034e-05,1402.0,0.0
hypertension,weight_kg_past_min,1.3408840009781949e-05,2.998307776129138e-05,2583.0,0.0
heart_disease_lag1,walk_regularly_past_mean,1.3373267547505007e-05,2.9903535317513094e-05,1413.0,0.0
sleep_sufficient,smoke_past_mean,1.327972080526341e-05,2.9694358442787235e-05,2242.0,0.0
urination_proper_lag1,calorie_intake_past_min,1.3272062902705654e-05,2.967723485210302e-05,1807.0,0.0
family_diabetes,urination_proper,1.3161373032933004e-05,2.9429724778870776e-05,1751.0,0.0
zarda_betel_lag1,calorie_intake_past_min,1.2984308385284228e-05,2.9033796190316057e-05,1640.0,0.0
weight_kg_lag1,smoke_lag1,1.2924812908505426e-05,2.8900760259884904e-05,2976.0,0.0
job,urination_proper,1.2835814417650184e-05,2.2551825874888695e-05,1875.0,0.0
heart_disease,hypertension_delta1,1.2696058467650817e-05,2.8389249779979044e-05,2522.0,0.0
sleep_sufficient_lag1,zarda_betel_past_mean,1.2596477683692761e-05,2.8166580377796106e-05,1703.0,0.0
water_sufficient_past_mean,pain_killer_lag1,1.2567253650327725e-05,2.8101233452615167e-05,2041.0,0.0
urination_proper,heart_disease_lag1,1.2547890011988374e-05,2.8057935040996656e-05,2311.0,0.0
smoke,zarda_betel_past_mean,1.2522710591221535e-05,2.8001632144527935e-05,2040.0,0.0
urination_proper,bmi_current_lag1,1.2425017360527321e-05,2.77831834397541e-05,2302.0,0.0
weight_kg,hypertension_delta1,1.2287009479530094e-05,2.2373388510772714e-05,1508.0,0.0
take_medicine_past_mean,water_sufficient_past_mean,1.2091028873553074e-05,2.703636247917738e-05,1565.0,0.0
hypertension,pain_killer_lag1,1.2062752497040268e-05,2.697313457913737e-05,2537.0,0.0
smoke_lag1,urination_proper_lag1,1.2052053173211964e-05,2.6949210163743998e-05,1927.0,0.0
sleep_sufficient,smoke,1.1956408312193564e-05,2.6735341752808338e-05,2477.0,0.0
sleep_sufficient_lag1,urination_proper_past_mean,1.1570255028334806e-05,2.587187676036538e-05,1917.0,0.0
job,insulin_lag1,1.1379084072635727e-05,2.544440550809864e-05,1696.0,0.0
family_diabetes,urination_proper_past_mean,1.1294559371451914e-05,2.5255402530473778e-05,1495.0,0.0
weight_kg_delta1,urinary_infection_lag1,1.1102439550426816e-05,2.4825809550836564e-05,2918.0,0.0
calorie_intake,zarda_betel_lag1,1.0435780778237192e-05,2.3335115218424017e-05,2365.0,0.0
calorie_intake_lag1,follow_diet_lag1,1.0398382022266144e-05,2.325148905779883e-05,2770.0,0.0
zarda_betel_lag1,urinary_infection_past_mean,9.946467001156434e-06,2.2240976350544267e-05,1696.0,0.0
smoke_past_mean,zarda_betel_lag1,9.907701958941098e-06,2.215429508100013e-05,1714.0,0.0
water_sufficient,insulin_delta1,9.849126328960102e-06,1.4675078166702124e-05,2164.0,0.0
zarda_betel,take_medicine_delta1,9.74074341462412e-06,2.178096442648295e-05,2269.0,0.0
follow_diet_lag1,smoke_past_mean,9.736894516742143e-06,2.1772358029180397e-05,2782.0,0.0
calorie_intake_past_mean,take_medicine_delta1,9.68004586470312e-06,2.1038799665523002e-05,1391.0,0.0
hypertension_delta1,pain_killer_lag1,9.649434868928196e-06,2.157679231138022e-05,1317.0,0.0
follow_diet,urination_proper,8.918639973031251e-06,1.994268524654477e-05,2417.0,0.0
follow_diet_past_mean,zarda_betel_lag1,8.804356250789938e-06,1.968713907489149e-05,1517.0,0.0
pain_killer,calorie_intake_past_mean,8.155156987161246e-06,1.8235485390474925e-05,2641.0,0.0
family_diabetes,take_medicine_lag1,8.048478151546372e-06,1.799694426227954e-05,1359.0,0.0
take_medicine,insulin_delta1,8.020169153608564e-06,1.383186308280204e-05,2613.0,0.0
hypertension_lag1,heart_disease_lag1,7.938691095928117e-06,1.7751452942867573e-05,1330.0,0.0
take_medicine_delta1,walk_regularly_past_mean,7.804598960655735e-06,1.745161381315043e-05,1529.0,0.0
insulin_lag1,walk_regularly_lag1,7.735103299356185e-06,1.7296216790343335e-05,1553.0,0.0
insulin_delta1,zarda_betel_lag1,6.9353075584415625e-06,1.550781914554343e-05,1611.0,0.0
job,hypertension,6.881032265457086e-06,1.5386455900931425e-05,1882.0,0.0
urinary_infection_past_mean,calorie_intake_past_max,6.839859740340927e-06,1.5294391335966375e-05,1638.0,0.0
insulin_delta1,water_sufficient_past_mean,6.82178766629225e-06,1.525398094989912e-05,1474.0,0.0
urination_proper,smoke_past_mean,6.731327435095173e-06,1.5051705723682111e-05,2516.0,0.0
water_sufficient,take_medicine_delta1,6.416988242614995e-06,1.3671018722850849e-05,2166.0,0.0
weight_kg_delta1,hypertension_delta1,6.019929979109461e-06,1.3460972653077644e-05,3023.0,0.0
smoke,urination_proper_lag1,5.936744025806914e-06,1.3274963206720027e-05,2044.0,0.0
water_sufficient,pain_killer_lag1,5.56591431522786e-06,1.2445762765788687e-05,2149.0,0.0
insulin_delta1,hypertension_delta1,5.30536009114258e-06,1.1254050491342958e-05,1590.0,0.0
job,zarda_betel_lag1,5.242025532224837e-06,1.1721525429844251e-05,1866.0,0.0
insulin,hypertension_delta1,4.8961113113749566e-06,1.094803771764004e-05,2803.0,0.0
hypertension_delta1,sleep_sufficient_past_mean,4.782052474884045e-06,1.0692994405811831e-05,1383.0,0.0
walk_regularly_lag1,urination_proper_past_mean,4.768294149685635e-06,1.0662229855411637e-05,1621.0,0.0
follow_diet,sleep_sufficient_past_mean,4.6629170803044905e-06,1.0426599565005687e-05,2457.0,0.0
take_medicine_delta1,zarda_betel_past_mean,3.9726274003690795e-06,8.883064916503535e-06,1587.0,0.0
take_medicine_lag1,urination_proper_past_mean,3.7921929451742957e-06,8.47960120920486e-06,1436.0,0.0
insulin_lag1,bmi_current_past_min,3.569134420490276e-06,7.980827185050575e-06,1451.0,0.0
insulin_delta1,calorie_intake_past_min,3.4015244593674775e-06,7.606039918273901e-06,1367.0,0.0
urination_proper,insulin_delta1,3.2643703392449476e-06,5.765633749791094e-06,2280.0,0.0
hypertension,take_medicine_delta1,3.242352599230678e-06,4.561555943531178e-06,2306.0,0.0
water_sufficient,urination_proper_lag1,3.1355660582799927e-06,7.011338854255131e-06,2187.0,0.0
take_medicine_delta1,pain_killer_lag1,3.1173958574019846e-06,6.9707090499270785e-06,1598.0,0.0
weight_kg_lag1,zarda_betel_lag1,3.0398713293477714e-06,6.797358935274268e-06,2470.0,0.0
calorie_intake_past_mean,hypertension_lag1,2.851747616232863e-06,6.376701524569665e-06,2780.0,0.0
take_medicine_delta1,smoke_lag1,2.659916938773254e-06,5.9477550896001416e-06,1399.0,0.0
hypertension,insulin_delta1,2.5631250384700428e-06,5.731321820850779e-06,2544.0,0.0
follow_diet,calorie_intake_past_min,2.2181739355324337e-06,4.9599877057687575e-06,2458.0,0.0
urinary_infection,take_medicine_delta1,1.907991115451091e-06,4.266397834614289e-06,2700.0,0.0
bmi_current_past_mean,water_sufficient_past_mean,1.4200890354838296e-06,3.1754156174439536e-06,2835.0,0.0
sleep_sufficient,hypertension_delta1,1.3886437241967458e-06,3.105101763832393e-06,2388.0,0.0
hypertension_delta1,water_sufficient_lag1,1.362207758758867e-06,1.8744716953374915e-06,1398.0,0.0
take_medicine_delta1,urination_proper_past_mean,1.2534996035596926e-06,2.80291032332851e-06,1385.0,0.0
hypertension_delta1,walk_regularly_lag1,1.012092444194072e-06,2.263107504731857e-06,1406.0,0.0
hypertension_delta1,heart_disease_lag1,8.834806614001778e-07,1.9755228156972723e-06,1460.0,0.0
bmi_current_past_mean,smoke_lag1,7.309365411579782e-07,1.6344237932678121e-06,2836.0,0.0
water_sufficient_past_mean,smoke_past_mean,7.195359370446986e-07,1.6089312674859553e-06,2039.0,0.0
take_medicine_delta1,urination_proper_lag1,7.066957228681177e-07,1.5802196757414639e-06,1578.0,0.0
urination_proper,hypertension_delta1,6.225091011553846e-07,1.391972666795733e-06,2313.0,0.0
age,calorie_intake_delta1,0.0,0.0,1825.0,0.0
age,heart_disease_delta1,0.0,0.0,1832.0,0.0
age,pain_killer_delta1,0.0,0.0,1773.0,0.0
age,sleep_sufficient_delta1,0.0,0.0,1831.0,0.0
age,smoke_delta1,0.0,0.0,1759.0,0.0
age,urinary_infection_delta1,0.0,0.0,1772.0,0.0
age,urination_proper_delta1,0.0,0.0,1771.0,0.0
age,walk_regularly_delta1,0.0,0.0,1770.0,0.0
age,water_sufficient_delta1,0.0,0.0,1827.0,0.0
age,zarda_betel_delta1,0.0,0.0,1765.0,0.0
bmi_current,calorie_intake_delta1,0.0,0.0,2503.0,0.0
bmi_current,calorie_intake_past_max,0.0,0.0,2695.0,0.0
bmi_current,heart_disease_delta1,0.0,0.0,2788.0,0.0
bmi_current,pain_killer_delta1,0.0,0.0,2835.0,0.0
bmi_current,sleep_sufficient_delta1,0.0,0.0,2786.0,0.0
bmi_current,smoke_delta1,0.0,0.0,2792.0,0.0
bmi_current,urinary_infection_delta1,0.0,0.0,2831.0,0.0
bmi_current,urination_proper_delta1,0.0,0.0,2832.0,0.0
bmi_current,walk_regularly_delta1,0.0,0.0,2834.0,0.0
bmi_current,water_sufficient_delta1,0.0,0.0,2785.0,0.0
bmi_current,zarda_betel_delta1,0.0,0.0,2790.0,0.0
bmi_current_delta1,calorie_intake_delta1,0.0,0.0,2961.0,0.0
bmi_current_delta1,calorie_intake_past_max,0.0,0.0,2959.0,0.0
bmi_current_delta1,heart_disease_delta1,0.0,0.0,2962.0,0.0
bmi_current_delta1,pain_killer_delta1,0.0,0.0,2973.0,0.0
bmi_current_delta1,sleep_sufficient_delta1,0.0,0.0,2931.0,0.0
bmi_current_delta1,smoke_delta1,0.0,0.0,2936.0,0.0
bmi_current_delta1,urinary_infection_delta1,0.0,0.0,2974.0,0.0
bmi_current_delta1,urination_proper_delta1,0.0,0.0,2975.0,0.0
bmi_current_delta1,walk_regularly_delta1,0.0,0.0,2933.0,0.0
bmi_current_delta1,water_sufficient_delta1,0.0,0.0,2986.0,0.0
bmi_current_delta1,zarda_betel_delta1,0.0,0.0,2934.0,0.0
bmi_current_lag1,calorie_intake_delta1,0.0,0.0,2740.0,0.0
bmi_current_lag1,calorie_intake_past_max,0.0,0.0,3032.0,0.0
bmi_current_lag1,heart_disease_delta1,0.0,0.0,2995.0,0.0
bmi_current_lag1,pain_killer_delta1,0.0,0.0,2735.0,0.0
bmi_current_lag1,sleep_sufficient_delta1,0.0,0.0,2993.0,0.0
bmi_current_lag1,smoke_delta1,0.0,0.0,2939.0,0.0
bmi_current_lag1,urinary_infection_delta1,0.0,0.0,2736.0,0.0
bmi_current_lag1,urination_proper_delta1,0.0,0.0,2732.0,0.0
bmi_current_lag1,walk_regularly_delta1,0.0,0.0,2943.0,0.0
bmi_current_lag1,water_sufficient_delta1,0.0,0.0,2728.0,0.0
bmi_current_lag1,zarda_betel_delta1,0.0,0.0,2937.0,0.0
bmi_current_past_max,calorie_intake_past_max,0.0,0.0,2477.0,0.0
bmi_current_past_mean,calorie_intake_delta1,0.0,0.0,3038.0,0.0
bmi_current_past_mean,heart_disease_delta1,0.0,0.0,2806.0,0.0
bmi_current_past_mean,pain_killer_delta1,0.0,0.0,2982.0,0.0
bmi_current_past_mean,sleep_sufficient_delta1,0.0,0.0,2808.0,0.0
bmi_current_past_mean,smoke_delta1,0.0,0.0,2837.0,0.0
bmi_current_past_mean,urinary_infection_delta1,0.0,0.0,3068.0,0.0
bmi_current_past_mean,urination_proper_delta1,0.0,0.0,2955.0,0.0
bmi_current_past_mean,walk_regularly_delta1,0.0,0.0,2956.0,0.0
bmi_current_past_mean,water_sufficient_delta1,0.0,0.0,3001.0,0.0
bmi_current_past_mean,zarda_betel_delta1,0.0,0.0,2804.0,0.0
bmi_current_past_min,calorie_intake_past_max,0.0,0.0,2459.0,0.0
calorie_intake,calorie_intake_delta1,0.0,0.0,2718.0,0.0
calorie_intake,calorie_intake_past_max,0.0,0.0,2397.0,0.0
calorie_intake,heart_disease_delta1,0.0,0.0,2672.0,0.0
calorie_intake,pain_killer_delta1,0.0,0.0,2388.0,0.0
calorie_intake,sleep_sufficient_delta1,0.0,0.0,2671.0,0.0
calorie_intake,smoke_delta1,0.0,0.0,2667.0,0.0
calorie_intake,urinary_infection_delta1,0.0,0.0,2389.0,0.0
calorie_intake,urination_proper_delta1,0.0,0.0,2390.0,0.0
calorie_intake,walk_regularly_delta1,0.0,0.0,2427.0,0.0
calorie_intake,water_sufficient_delta1,0.0,0.0,2669.0,0.0
calorie_intake,zarda_betel_delta1,0.0,0.0,2679.0,0.0
calorie_intake_delta1,bmi_current_past_max,0.0,0.0,2855.0,0.0
calorie_intake_delta1,bmi_current_past_min,0.0,0.0,2856.0,0.0
calorie_intake_delta1,bmi_current_past_slope,0.0,0.0,2854.0,0.0
calorie_intake_delta1,calorie_intake_past_max,0.0,0.0,2852.0,0.0
calorie_intake_delta1,calorie_intake_past_mean,0.0,0.0,2767.0,0.0
calorie_intake_delta1,calorie_intake_past_min,0.0,0.0,2853.0,0.0
calorie_intake_delta1,calorie_intake_past_slope,0.0,0.0,2851.0,0.0
calorie_intake_delta1,follow_diet_delta1,0.0,0.0,2812.0,0.0
calorie_intake_delta1,follow_diet_lag1,0.0,0.0,2856.0,0.0
calorie_intake_delta1,follow_diet_past_mean,0.0,0.0,2783.0,0.0
calorie_intake_delta1,heart_disease_delta1,0.0,0.0,2776.0,0.0
calorie_intake_delta1,heart_disease_lag1,0.0,0.0,2794.0,0.0
calorie_intake_delta1,heart_disease_past_mean,0.0,0.0,2775.0,0.0
calorie_intake_delta1,hypertension_delta1,0.0,0.0,2801.0,0.0
calorie_intake_delta1,hypertension_lag1,0.0,0.0,2800.0,0.0
calorie_intake_delta1,hypertension_past_mean,0.0,0.0,2802.0,0.0
calorie_intake_delta1,insulin_delta1,0.0,0.0,2762.0,0.0
calorie_intake_delta1,insulin_lag1,0.0,0.0,2763.0,0.0
calorie_intake_delta1,insulin_past_mean,0.0,0.0,2799.0,0.0
calorie_intake_delta1,pain_killer_delta1,0.0,0.0,2744.0,0.0
calorie_intake_delta1,pain_killer_lag1,0.0,0.0,2743.0,0.0
calorie_intake_delta1,pain_killer_past_mean,0.0,0.0,2745.0,0.0
calorie_intake_delta1,sleep_sufficient_delta1,0.0,0.0,2866.0,0.0
calorie_intake_delta1,sleep_sufficient_lag1,0.0,0.0,2774.0,0.0
calorie_intake_delta1,sleep_sufficient_past_mean,0.0,0.0,2865.0,0.0
calorie_intake_delta1,smoke_delta1,0.0,0.0,2797.0,0.0
calorie_intake_delta1,smoke_lag1,0.0,0.0,2796.0,0.0
calorie_intake_delta1,smoke_past_mean,0.0,0.0,2798.0,0.0
calorie_intake_delta1,take_medicine_delta1,0.0,0.0,2765.0,0.0
calorie_intake_delta1,take_medicine_lag1,0.0,0.0,2766.0,0.0
calorie_intake_delta1,take_medicine_past_mean,0.0,0.0,2764.0,0.0
calorie_intake_delta1,urinary_infection_delta1,0.0,0.0,2741.0,0.0
calorie_intake_delta1,urinary_infection_lag1,0.0,0.0,2749.0,0.0
calorie_intake_delta1,urinary_infection_past_mean,0.0,0.0,2742.0,0.0
calorie_intake_delta1,urination_proper_delta1,0.0,0.0,2867.0,0.0
calorie_intake_delta1,urination_proper_lag1,0.0,0.0,2868.0,0.0
calorie_intake_delta1,urination_proper_past_mean,0.0,0.0,2739.0,0.0
calorie_intake_delta1,walk_regularly_delta1,0.0,0.0,2870.0,0.0
calorie_intake_delta1,walk_regularly_lag1,0.0,0.0,2871.0,0.0
calorie_intake_delta1,walk_regularly_past_mean,0.0,0.0,2869.0,0.0
calorie_intake_delta1,water_sufficient_delta1,0.0,0.0,2863.0,0.0
calorie_intake_delta1,water_sufficient_lag1,0.0,0.0,2864.0,0.0
calorie_intake_delta1,water_sufficient_past_mean,0.0,0.0,2795.0,0.0
calorie_intake_delta1,weight_kg_past_max,0.0,0.0,2858.0,0.0
calorie_intake_delta1,weight_kg_past_min,0.0,0.0,2746.0,0.0
calorie_intake_delta1,weight_kg_past_slope,0.0,0.0,2857.0,0.0
calorie_intake_delta1,zarda_betel_delta1,0.0,0.0,2793.0,0.0
calorie_intake_delta1,zarda_betel_lag1,0.0,0.0,2747.0,0.0
calorie_intake_delta1,zarda_betel_past_mean,0.0,0.0,2872.0,0.0
calorie_intake_lag1,calorie_intake_delta1,0.0,0.0,2853.0,0.0
calorie_intake_lag1,calorie_intake_past_max,0.0,0.0,2760.0,0.0
calorie_intake_lag1,calorie_intake_past_mean,0.0,0.0,2854.0,0.0
calorie_intake_lag1,calorie_intake_past_min,0.0,0.0,2761.0,0.0
calorie_intake_lag1,heart_disease_delta1,0.0,0.0,2859.0,0.0
calorie_intake_lag1,pain_killer_delta1,0.0,0.0,2756.0,0.0
calorie_intake_lag1,sleep_sufficient_delta1,0.0,0.0,2862.0,0.0
calorie_intake_lag1,sleep_sufficient_past_mean,0.0,0.0,2811.0,0.0
calorie_intake_lag1,smoke_delta1,0.0,0.0,2816.0,0.0
calorie_intake_lag1,urinary_infection_delta1,0.0,0.0,2760.0,0.0
calorie_intake_lag1,urination_proper_delta1,0.0,0.0,2737.0,0.0
calorie_intake_lag1,walk_regularly_delta1,0.0,0.0,2754.0,0.0
calorie_intake_lag1,water_sufficient_delta1,0.0,0.0,2813.0,0.0
calorie_intake_lag1,water_sufficient_past_mean,0.0,0.0,2814.0,0.0
calorie_intake_lag1,zarda_betel_delta1,0.0,0.0,2766.0,0.0
calorie_intake_past_max,calorie_intake_past_slope,0.0,0.0,2517.0,0.0
calorie_intake_past_mean,calorie_intake_past_max,0.0,0.0,2880.0,0.0
calorie_intake_past_mean,calorie_intake_past_min,0.0,0.0,2802.0,0.0
calorie_intake_past_mean,follow_diet_lag1,0.0,0.0,2762.0,0.0
calorie_intake_past_mean,heart_disease_delta1,0.0,0.0,2784.0,0.0
calorie_intake_past_mean,heart_disease_past_mean,0.0,0.0,2764.0,0.0
calorie_intake_past_mean,hypertension_delta1,0.0,0.0,2781.0,0.0
calorie_intake_past_mean,insulin_lag1,0.0,0.0,2860.0,0.0
calorie_intake_past_mean,pain_killer_delta1,0.0,0.0,2804.0,0.0
calorie_intake_past_mean,sleep_sufficient_delta1,0.0,0.0,2773.0,0.0
calorie_intake_past_mean,sleep_sufficient_lag1,0.0,0.0,2763.0,0.0
calorie_intake_past_mean,sleep_sufficient_past_mean,0.0,0.0,2786.0,0.0
calorie_intake_past_mean,smoke_delta1,0.0,0.0,2777.0,0.0
calorie_intake_past_mean,smoke_lag1,0.0,0.0,2785.0,0.0
calorie_intake_past_mean,urinary_infection_delta1,0.0,0.0,2805.0,0.0
calorie_intake_past_mean,urination_proper_delta1,0.0,0.0,2802.0,0.0
calorie_intake_past_mean,walk_regularly_delta1,0.0,0.0,2805.0,0.0
calorie_intake_past_mean,walk_regularly_lag1,0.0,0.0,2806.0,0.0
calorie_intake_past_mean,water_sufficient_delta1,0.0,0.0,2774.0,0.0
calorie_intake_past_mean,water_sufficient_past_mean,0.0,0.0,2775.0,0.0
calorie_intake_past_mean,zarda_betel_delta1,0.0,0.0,2808.0,0.0
calorie_intake_past_mean,zarda_betel_lag1,0.0,0.0,2857.0,0.0
calorie_intake_past_mean,zarda_betel_past_mean,0.0,0.0,2807.0,0.0
calorie_intake_past_min,calorie_intake_past_max,0.0,0.0,2462.0,0.0
diabetic_year,calorie_intake_delta1,0.0,0.0,1866.0,0.0
diabetic_year,heart_disease_delta1,0.0,0.0,1865.0,0.0
diabetic_year,pain_killer_delta1,0.0,0.0,1901.0,0.0
diabetic_year,sleep_sufficient_delta1,0.0,0.0,1840.0,0.0
diabetic_year,smoke_delta1,0.0,0.0,1838.0,0.0
diabetic_year,urinary_infection_delta1,0.0,0.0,1902.0,0.0
diabetic_year,urination_proper_delta1,0.0,0.0,1913.0,0.0
diabetic_year,walk_regularly_delta1,0.0,0.0,1836.0,0.0
diabetic_year,water_sufficient_delta1,0.0,0.0,1839.0,0.0
diabetic_year,zarda_betel_delta1,0.0,0.0,1837.0,0.0
family_diabetes,calorie_intake_delta1,0.0,0.0,2004.0,0.0
family_diabetes,calorie_intake_past_min,0.0,0.0,2134.0,0.0
family_diabetes,heart_disease_delta1,0.0,0.0,2014.0,0.0
family_diabetes,hypertension_delta1,0.0,0.0,1966.0,0.0
family_diabetes,insulin_lag1,0.0,0.0,2148.0,0.0
family_diabetes,pain_killer_delta1,0.0,0.0,2135.0,0.0
family_diabetes,sleep_sufficient_delta1,0.0,0.0,2154.0,0.0
family_diabetes,sleep_sufficient_past_mean,0.0,0.0,2153.0,0.0
family_diabetes,smoke,0.0,0.0,1799.0,0.0
family_diabetes,smoke_delta1,0.0,0.0,2130.0,0.0
family_diabetes,smoke_lag1,0.0,0.0,2149.0,0.0
family_diabetes,urinary_infection_delta1,0.0,0.0,2136.0,0.0
family_diabetes,urination_proper_delta1,0.0,0.0,2137.0,0.0
family_diabetes,walk_regularly_delta1,0.0,0.0,2141.0,0.0
family_diabetes,walk_regularly_lag1,0.0,0.0,2127.0,0.0
family_diabetes,water_sufficient_delta1,0.0,0.0,2151.0,0.0
family_diabetes,zarda_betel_delta1,0.0,0.0,2128.0,0.0
follow_diet,calorie_intake_delta1,0.0,0.0,2830.0,0.0
follow_diet,calorie_intake_past_max,0.0,0.0,2777.0,0.0
follow_diet,follow_diet_lag1,0.0,0.0,2844.0,0.0
follow_diet,heart_disease_delta1,0.0,0.0,2864.0,0.0
follow_diet,hypertension_delta1,0.0,0.0,2727.0,0.0
follow_diet,insulin_lag1,0.0,0.0,2729.0,0.0
follow_diet,pain_killer,0.0,0.0,2697.0,0.0
follow_diet,pain_killer_delta1,0.0,0.0,2768.0,0.0
follow_diet,sleep_sufficient_delta1,0.0,0.0,2751.0,0.0
follow_diet,smoke_delta1,0.0,0.0,2772.0,0.0
follow_diet,smoke_lag1,0.0,0.0,2773.0,0.0
follow_diet,take_medicine_lag1,0.0,0.0,2841.0,0.0
follow_diet,urinary_infection_delta1,0.0,0.0,2598.0,0.0
follow_diet,urination_proper_delta1,0.0,0.0,2411.0,0.0
follow_diet,walk_regularly_delta1,0.0,0.0,2824.0,0.0
follow_diet,walk_regularly_past_mean,0.0,0.0,2413.0,0.0
follow_diet,water_sufficient_delta1,0.0,0.0,2732.0,0.0
follow_diet,water_sufficient_past_mean,0.0,0.0,2731.0,0.0
follow_diet,zarda_betel_delta1,0.0,0.0,2770.0,0.0
follow_diet_delta1,calorie_intake_past_max,0.0,0.0,2792.0,0.0
follow_diet_delta1,heart_disease_delta1,0.0,0.0,2797.0,0.0
follow_diet_delta1,pain_killer_delta1,0.0,0.0,1535.0,0.0
follow_diet_delta1,sleep_sufficient_delta1,0.0,0.0,2795.0,0.0
follow_diet_delta1,smoke_delta1,0.0,0.0,2801.0,0.0
follow_diet_delta1,urinary_infection_delta1,0.0,0.0,1503.0,0.0
follow_diet_delta1,urination_proper_delta1,0.0,0.0,1508.0,0.0
follow_diet_delta1,walk_regularly_delta1,0.0,0.0,1509.0,0.0
follow_diet_delta1,water_sufficient_delta1,0.0,0.0,2804.0,0.0
follow_diet_delta1,zarda_betel_delta1,0.0,0.0,2799.0,0.0
follow_diet_lag1,calorie_intake_past_max,0.0,0.0,2811.0,0.0
follow_diet_lag1,heart_disease_delta1,0.0,0.0,2808.0,0.0
follow_diet_lag1,heart_disease_past_mean,0.0,0.0,2829.0,0.0
follow_diet_lag1,hypertension_delta1,0.0,0.0,2779.0,0.0
follow_diet_lag1,insulin_lag1,0.0,0.0,2849.0,0.0
follow_diet_lag1,pain_killer_delta1,0.0,0.0,2798.0,0.0
follow_diet_lag1,pain_killer_lag1,0.0,0.0,2799.0,0.0
follow_diet_lag1,pain_killer_past_mean,0.0,0.0,2797.0,0.0
follow_diet_lag1,sleep_sufficient_delta1,0.0,0.0,2827.0,0.0
follow_diet_lag1,sleep_sufficient_lag1,0.0,0.0,2828.0,0.0
follow_diet_lag1,sleep_sufficient_past_mean,0.0,0.0,2788.0,0.0
follow_diet_lag1,smoke_delta1,0.0,0.0,2783.0,0.0
follow_diet_lag1,smoke_lag1,0.0,0.0,2784.0,0.0
follow_diet_lag1,take_medicine_delta1,0.0,0.0,2850.0,0.0
follow_diet_lag1,urinary_infection_delta1,0.0,0.0,2800.0,0.0
follow_diet_lag1,urinary_infection_lag1,0.0,0.0,2801.0,0.0
follow_diet_lag1,urination_proper_delta1,0.0,0.0,2790.0,0.0
follow_diet_lag1,urination_proper_lag1,0.0,0.0,2791.0,0.0
follow_diet_lag1,urination_proper_past_mean,0.0,0.0,2789.0,0.0
follow_diet_lag1,walk_regularly_delta1,0.0,0.0,2809.0,0.0
follow_diet_lag1,walk_regularly_past_mean,0.0,0.0,2792.0,0.0
follow_diet_lag1,water_sufficient_delta1,0.0,0.0,2786.0,0.0
follow_diet_lag1,water_sufficient_lag1,0.0,0.0,2787.0,0.0
follow_diet_lag1,water_sufficient_past_mean,0.0,0.0,2785.0,0.0
follow_diet_lag1,zarda_betel_delta1,0.0,0.0,2796.0,0.0
follow_diet_lag1,zarda_betel_lag1,0.0,0.0,2781.0,0.0
follow_diet_past_mean,calorie_intake_past_max,0.0,0.0,1462.0,0.0
follow_diet_past_mean,heart_disease_delta1,0.0,0.0,2749.0,0.0
follow_diet_past_mean,pain_killer_delta1,0.0,0.0,1493.0,0.0
follow_diet_past_mean,sleep_sufficient_delta1,0.0,0.0,1545.0,0.0
follow_diet_past_mean,smoke_delta1,0.0,0.0,1537.0,0.0
follow_diet_past_mean,urinary_infection_delta1,0.0,0.0,1495.0,0.0
follow_diet_past_mean,urination_proper_delta1,0.0,0.0,1499.0,0.0
follow_diet_past_mean,walk_regularly_delta1,0.0,0.0,1548.0,0.0
follow_diet_past_mean,water_sufficient_delta1,0.0,0.0,1541.0,0.0
follow_diet_past_mean,water_sufficient_past_mean,0.0,0.0,1540.0,0.0
follow_diet_past_mean,zarda_betel_delta1,0.0,0.0,1550.0,0.0
gender,calorie_intake_delta1,0.0,0.0,2526.0,0.0
gender,calorie_intake_past_max,0.0,0.0,1678.0,0.0
gender,calorie_intake_past_mean,0.0,0.0,2525.0,0.0
gender,calorie_intake_past_min,0.0,0.0,1681.0,0.0
gender,follow_diet,0.0,0.0,2519.0,0.0
gender,follow_diet_lag1,0.0,0.0,2497.0,0.0
gender,heart_disease_delta1,0.0,0.0,1897.0,0.0
gender,heart_disease_lag1,0.0,0.0,1898.0,0.0
gender,heart_disease_past_mean,0.0,0.0,1769.0,0.0
gender,hypertension,0.0,0.0,2380.0,0.0
gender,hypertension_delta1,0.0,0.0,1899.0,0.0
gender,pain_killer,0.0,0.0,2074.0,0.0
gender,pain_killer_delta1,0.0,0.0,1655.0,0.0
gender,sleep_sufficient_delta1,0.0,0.0,1770.0,0.0
gender,sleep_sufficient_past_mean,0.0,0.0,2043.0,0.0
gender,smoke,0.0,0.0,2493.0,0.0
gender,smoke_delta1,0.0,0.0,1984.0,0.0
gender,smoke_lag1,0.0,0.0,2249.0,0.0
gender,smoke_past_mean,0.0,0.0,1902.0,0.0
gender,take_medicine,0.0,0.0,2194.0,0.0
gender,take_medicine_delta1,0.0,0.0,2520.0,0.0
gender,urinary_infection_delta1,0.0,0.0,1643.0,0.0
gender,urination_proper,0.0,0.0,1980.0,0.0
gender,urination_proper_delta1,0.0,0.0,1836.0,0.0
gender,walk_regularly_delta1,0.0,0.0,1839.0,0.0
gender,walk_regularly_lag1,0.0,0.0,1840.0,0.0
gender,walk_regularly_past_mean,0.0,0.0,1853.0,0.0
gender,water_sufficient,0.0,0.0,2472.0,0.0
gender,water_sufficient_delta1,0.0,0.0,1982.0,0.0
gender,zarda_betel,0.0,0.0,2470.0,0.0
gender,zarda_betel_delta1,0.0,0.0,1842.0,0.0
gender,zarda_betel_lag1,0.0,0.0,1901.0,0.0
gender,zarda_betel_past_mean,0.0,0.0,1841.0,0.0
heart_disease,calorie_intake_delta1,0.0,0.0,2524.0,0.0
heart_disease,calorie_intake_past_min,0.0,0.0,2519.0,0.0
heart_disease,heart_disease_delta1,0.0,0.0,2547.0,0.0
heart_disease,insulin_lag1,0.0,0.0,2519.0,0.0
heart_disease,pain_killer_delta1,0.0,0.0,2535.0,0.0
heart_disease,sleep_sufficient_delta1,0.0,0.0,2550.0,0.0
heart_disease,smoke_delta1,0.0,0.0,2442.0,0.0
heart_disease,smoke_lag1,0.0,0.0,2392.0,0.0
heart_disease,take_medicine_delta1,0.0,0.0,2545.0,0.0
heart_disease,urinary_infection_delta1,0.0,0.0,2394.0,0.0
heart_disease,urination_proper_delta1,0.0,0.0,2396.0,0.0
heart_disease,walk_regularly_delta1,0.0,0.0,2394.0,0.0
heart_disease,water_sufficient_delta1,0.0,0.0,2393.0,0.0
heart_disease,zarda_betel_delta1,0.0,0.0,2439.0,0.0
heart_disease_delta1,bmi_current_past_max,0.0,0.0,1747.0,0.0
heart_disease_delta1,bmi_current_past_min,0.0,0.0,1746.0,0.0
heart_disease_delta1,bmi_current_past_slope,0.0,0.0,1748.0,0.0
heart_disease_delta1,calorie_intake_past_max,0.0,0.0,1750.0,0.0
heart_disease_delta1,calorie_intake_past_min,0.0,0.0,1749.0,0.0
heart_disease_delta1,calorie_intake_past_slope,0.0,0.0,1761.0,0.0
heart_disease_delta1,heart_disease_past_mean,0.0,0.0,1751.0,0.0
heart_disease_delta1,pain_killer_delta1,0.0,0.0,1757.0,0.0
heart_disease_delta1,pain_killer_lag1,0.0,0.0,1756.0,0.0
heart_disease_delta1,pain_killer_past_mean,0.0,0.0,1758.0,0.0
heart_disease_delta1,sleep_sufficient_delta1,0.0,0.0,1748.0,0.0
heart_disease_delta1,sleep_sufficient_lag1,0.0,0.0,1750.0,0.0
heart_disease_delta1,sleep_sufficient_past_mean,0.0,0.0,1506.0,0.0
heart_disease_delta1,smoke_delta1,0.0,0.0,1721.0,0.0
heart_disease_delta1,smoke_lag1,0.0,0.0,1724.0,0.0
heart_disease_delta1,smoke_past_mean,0.0,0.0,1720.0,0.0
heart_disease_delta1,urinary_infection_delta1,0.0,0.0,1754.0,0.0
heart_disease_delta1,urinary_infection_lag1,0.0,0.0,1753.0,0.0
heart_disease_delta1,urinary_infection_past_mean,0.0,0.0,1755.0,0.0
heart_disease_delta1,urination_proper_delta1,0.0,0.0,1731.0,0.0
heart_disease_delta1,urination_proper_lag1,0.0,0.0,1732.0,0.0
heart_disease_delta1,urination_proper_past_mean,0.0,0.0,1729.0,0.0
heart_disease_delta1,walk_regularly_delta1,0.0,0.0,1734.0,0.0
heart_disease_delta1,walk_regularly_lag1,0.0,0.0,1735.0,0.0
heart_disease_delta1,walk_regularly_past_mean,0.0,0.0,1733.0,0.0
heart_disease_delta1,water_sufficient_delta1,0.0,0.0,1737.0,0.0
heart_disease_delta1,water_sufficient_lag1,0.0,0.0,1745.0,0.0
heart_disease_delta1,water_sufficient_past_mean,0.0,0.0,1725.0,0.0
heart_disease_delta1,weight_kg_past_max,0.0,0.0,1760.0,0.0
heart_disease_delta1,weight_kg_past_min,0.0,0.0,1759.0,0.0
heart_disease_delta1,weight_kg_past_slope,0.0,0.0,1745.0,0.0
heart_disease_delta1,zarda_betel_delta1,0.0,0.0,1717.0,0.0
heart_disease_delta1,zarda_betel_lag1,0.0,0.0,1718.0,0.0
heart_disease_delta1,zarda_betel_past_mean,0.0,0.0,1747.0,0.0
heart_disease_lag1,calorie_intake_past_max,0.0,0.0,1752.0,0.0
heart_disease_lag1,calorie_intake_past_min,0.0,0.0,1754.0,0.0
heart_disease_lag1,heart_disease_delta1,0.0,0.0,1639.0,0.0
heart_disease_lag1,heart_disease_past_mean,0.0,0.0,1667.0,0.0
heart_disease_lag1,pain_killer_delta1,0.0,0.0,1652.0,0.0
heart_disease_lag1,sleep_sufficient_delta1,0.0,0.0,1665.0,0.0
heart_disease_lag1,sleep_sufficient_lag1,0.0,0.0,1675.0,0.0
heart_disease_lag1,sleep_sufficient_past_mean,0.0,0.0,1664.0,0.0
heart_disease_lag1,smoke_delta1,0.0,0.0,1657.0,0.0
heart_disease_lag1,smoke_lag1,0.0,0.0,1659.0,0.0
heart_disease_lag1,smoke_past_mean,0.0,0.0,1666.0,0.0
heart_disease_lag1,urinary_infection_delta1,0.0,0.0,1651.0,0.0
heart_disease_lag1,urinary_infection_lag1,0.0,0.0,1650.0,0.0
heart_disease_lag1,urination_proper_delta1,0.0,0.0,1648.0,0.0
heart_disease_lag1,walk_regularly_delta1,0.0,0.0,1512.0,0.0
heart_disease_lag1,water_sufficient_delta1,0.0,0.0,1662.0,0.0
heart_disease_lag1,water_sufficient_past_mean,0.0,0.0,1660.0,0.0
heart_disease_lag1,zarda_betel_delta1,0.0,0.0,1672.0,0.0
heart_disease_lag1,zarda_betel_lag1,0.0,0.0,1674.0,0.0
heart_disease_past_mean,calorie_intake_past_max,0.0,0.0,1989.0,0.0
heart_disease_past_mean,pain_killer_delta1,0.0,0.0,2090.0,0.0
heart_disease_past_mean,sleep_sufficient_delta1,0.0,0.0,1848.0,0.0
heart_disease_past_mean,sleep_sufficient_past_mean,0.0,0.0,1849.0,0.0
heart_disease_past_mean,smoke_delta1,0.0,0.0,1743.0,0.0
heart_disease_past_mean,smoke_lag1,0.0,0.0,1807.0,0.0
heart_disease_past_mean,smoke_past_mean,0.0,0.0,1744.0,0.0
heart_disease_past_mean,urinary_infection_delta1,0.0,0.0,2087.0,0.0
heart_disease_past_mean,urination_proper_delta1,0.0,0.0,1874.0,0.0
heart_disease_past_mean,walk_regularly_delta1,0.0,0.0,1862.0,0.0
heart_disease_past_mean,walk_regularly_lag1,0.0,0.0,1843.0,0.0
heart_disease_past_mean,walk_regularly_past_mean,0.0,0.0,1863.0,0.0
heart_disease_past_mean,water_sufficient_delta1,0.0,0.0,1851.0,0.0
heart_disease_past_mean,water_sufficient_lag1,0.0,0.0,1850.0,0.0
heart_disease_past_mean,water_sufficient_past_mean,0.0,0.0,1852.0,0.0
heart_disease_past_mean,zarda_betel_delta1,0.0,0.0,1841.0,0.0
heart_disease_past_mean,zarda_betel_lag1,0.0,0.0,1840.0,0.0
heart_disease_past_mean,zarda_betel_past_mean,0.0,0.0,1842.0,0.0
height_cm,calorie_intake_delta1,0.0,0.0,2191.0,0.0
height_cm,heart_disease_delta1,0.0,0.0,1680.0,0.0
height_cm,pain_killer_delta1,0.0,0.0,1743.0,0.0
height_cm,sleep_sufficient_delta1,0.0,0.0,1676.0,0.0
height_cm,smoke_delta1,0.0,0.0,1692.0,0.0
height_cm,urinary_infection_delta1,0.0,0.0,1744.0,0.0
height_cm,urination_proper_delta1,0.0,0.0,1689.0,0.0
height_cm,walk_regularly_delta1,0.0,0.0,1690.0,0.0
height_cm,water_sufficient_delta1,0.0,0.0,1694.0,0.0
height_cm,zarda_betel_delta1,0.0,0.0,1691.0,0.0
hypertension,bmi_current_past_min,0.0,0.0,2966.0,0.0
hypertension,calorie_intake_delta1,0.0,0.0,2922.0,0.0
hypertension,calorie_intake_past_mean,0.0,0.0,2921.0,0.0
hypertension,calorie_intake_past_min,0.0,0.0,2581.0,0.0
hypertension,follow_diet_lag1,0.0,0.0,2526.0,0.0
hypertension,heart_disease_delta1,0.0,0.0,2923.0,0.0
hypertension,heart_disease_lag1,0.0,0.0,2940.0,0.0
hypertension,heart_disease_past_mean,0.0,0.0,2938.0,0.0
hypertension,hypertension_delta1,0.0,0.0,2926.0,0.0
hypertension,hypertension_lag1,0.0,0.0,2927.0,0.0
hypertension,hypertension_past_mean,0.0,0.0,2925.0,0.0
hypertension,pain_killer,0.0,0.0,3043.0,0.0
hypertension,pain_killer_delta1,0.0,0.0,2574.0,0.0
hypertension,sleep_sufficient,0.0,0.0,3037.0,0.0
hypertension,sleep_sufficient_delta1,0.0,0.0,2936.0,0.0
hypertension,sleep_sufficient_lag1,0.0,0.0,2937.0,0.0
hypertension,sleep_sufficient_past_mean,0.0,0.0,2935.0,0.0
hypertension,smoke,0.0,0.0,2943.0,0.0
hypertension,smoke_delta1,0.0,0.0,2573.0,0.0
hypertension,smoke_lag1,0.0,0.0,2931.0,0.0
hypertension,smoke_past_mean,0.0,0.0,2572.0,0.0
hypertension,take_medicine_lag1,0.0,0.0,2523.0,0.0
hypertension,urinary_infection,0.0,0.0,3044.0,0.0
hypertension,urinary_infection_delta1,0.0,0.0,2576.0,0.0
hypertension,urinary_infection_lag1,0.0,0.0,2577.0,0.0
hypertension,urination_proper,0.0,0.0,3032.0,0.0
hypertension,urination_proper_delta1,0.0,0.0,2989.0,0.0
hypertension,urination_proper_lag1,0.0,0.0,2963.0,0.0
hypertension,urination_proper_past_mean,0.0,0.0,2578.0,0.0
hypertension,walk_regularly_delta1,0.0,0.0,2567.0,0.0
hypertension,walk_regularly_lag1,0.0,0.0,2568.0,0.0
hypertension,water_sufficient,0.0,0.0,2944.0,0.0
hypertension,water_sufficient_delta1,0.0,0.0,2933.0,0.0
hypertension,water_sufficient_lag1,0.0,0.0,2934.0,0.0
hypertension,water_sufficient_past_mean,0.0,0.0,2932.0,0.0
hypertension,zarda_betel_delta1,0.0,0.0,2586.0,0.0
hypertension,zarda_betel_lag1,0.0,0.0,2571.0,0.0
hypertension,zarda_betel_past_mean,0.0,0.0,2569.0,0.0
hypertension_delta1,calorie_intake_past_max,0.0,0.0,1514.0,0.0
hypertension_delta1,calorie_intake_past_min,0.0,0.0,1516.0,0.0
hypertension_delta1,heart_disease_delta1,0.0,0.0,1459.0,0.0
hypertension_delta1,heart_disease_past_mean,0.0,0.0,1464.0,0.0
hypertension_delta1,hypertension_past_mean,0.0,0.0,1461.0,0.0
hypertension_delta1,pain_killer_delta1,0.0,0.0,1434.0,0.0
hypertension_delta1,sleep_sufficient_delta1,0.0,0.0,1450.0,0.0
hypertension_delta1,sleep_sufficient_lag1,0.0,0.0,1451.0,0.0
hypertension_delta1,smoke_delta1,0.0,0.0,1421.0,0.0
hypertension_delta1,smoke_lag1,0.0,0.0,1422.0,0.0
hypertension_delta1,urinary_infection_delta1,0.0,0.0,1441.0,0.0
hypertension_delta1,urinary_infection_lag1,0.0,0.0,1691.0,0.0
hypertension_delta1,urination_proper_delta1,0.0,0.0,1693.0,0.0
hypertension_delta1,urination_proper_past_mean,0.0,0.0,1692.0,0.0
hypertension_delta1,walk_regularly_delta1,0.0,0.0,1408.0,0.0
hypertension_delta1,walk_regularly_past_mean,0.0,0.0,1410.0,0.0
hypertension_delta1,water_sufficient_delta1,0.0,0.0,1425.0,0.0
hypertension_delta1,water_sufficient_past_mean,0.0,0.0,1423.0,0.0
hypertension_delta1,zarda_betel_delta1,0.0,0.0,1452.0,0.0
hypertension_delta1,zarda_betel_lag1,0.0,0.0,1420.0,0.0
hypertension_delta1,zarda_betel_past_mean,0.0,0.0,1400.0,0.0
hypertension_lag1,calorie_intake_past_min,0.0,0.0,1522.0,0.0
hypertension_lag1,heart_disease_delta1,0.0,0.0,1493.0,0.0
hypertension_lag1,hypertension_delta1,0.0,0.0,1503.0,0.0
hypertension_lag1,pain_killer_delta1,0.0,0.0,1536.0,0.0
hypertension_lag1,sleep_sufficient_delta1,0.0,0.0,1334.0,0.0
hypertension_lag1,sleep_sufficient_lag1,0.0,0.0,1363.0,0.0
hypertension_lag1,sleep_sufficient_past_mean,0.0,0.0,1341.0,0.0
hypertension_lag1,smoke_delta1,0.0,0.0,1435.0,0.0
hypertension_lag1,smoke_lag1,0.0,0.0,1418.0,0.0
hypertension_lag1,urinary_infection_delta1,0.0,0.0,1539.0,0.0
hypertension_lag1,urinary_infection_lag1,0.0,0.0,1540.0,0.0
hypertension_lag1,urination_proper_delta1,0.0,0.0,1533.0,0.0
hypertension_lag1,urination_proper_lag1,0.0,0.0,1369.0,0.0
hypertension_lag1,walk_regularly_delta1,0.0,0.0,1379.0,0.0
hypertension_lag1,walk_regularly_lag1,0.0,0.0,1361.0,0.0
hypertension_lag1,walk_regularly_past_mean,0.0,0.0,1368.0,0.0
hypertension_lag1,water_sufficient_delta1,0.0,0.0,1414.0,0.0
hypertension_lag1,water_sufficient_lag1,0.0,0.0,1372.0,0.0
hypertension_lag1,water_sufficient_past_mean,0.0,0.0,1417.0,0.0
hypertension_lag1,zarda_betel_delta1,0.0,0.0,1527.0,0.0
hypertension_lag1,zarda_betel_lag1,0.0,0.0,1531.0,0.0
hypertension_past_mean,calorie_intake_past_max,0.0,0.0,1640.0,0.0
hypertension_past_mean,heart_disease_delta1,0.0,0.0,1513.0,0.0
hypertension_past_mean,pain_killer_delta1,0.0,0.0,1392.0,0.0
hypertension_past_mean,sleep_sufficient_delta1,0.0,0.0,1429.0,0.0
hypertension_past_mean,sleep_sufficient_past_mean,0.0,0.0,1528.0,0.0
hypertension_past_mean,smoke_delta1,0.0,0.0,1394.0,0.0
hypertension_past_mean,smoke_lag1,0.0,0.0,1530.0,0.0
hypertension_past_mean,urinary_infection_delta1,0.0,0.0,1403.0,0.0
hypertension_past_mean,urination_proper_delta1,0.0,0.0,1444.0,0.0
hypertension_past_mean,urination_proper_lag1,0.0,0.0,1446.0,0.0
hypertension_past_mean,walk_regularly_delta1,0.0,0.0,1418.0,0.0
hypertension_past_mean,water_sufficient_delta1,0.0,0.0,1525.0,0.0
hypertension_past_mean,water_sufficient_lag1,0.0,0.0,1526.0,0.0
hypertension_past_mean,water_sufficient_past_mean,0.0,0.0,1520.0,0.0
hypertension_past_mean,zarda_betel_delta1,0.0,0.0,1401.0,0.0
hypertension_past_mean,zarda_betel_lag1,0.0,0.0,1397.0,0.0
insulin,calorie_intake_delta1,0.0,0.0,2948.0,0.0
insulin,calorie_intake_past_max,0.0,0.0,3073.0,0.0
insulin,heart_disease_delta1,0.0,0.0,2801.0,0.0
insulin,insulin_lag1,0.0,0.0,2971.0,0.0
insulin,pain_killer_delta1,0.0,0.0,3013.0,0.0
insulin,sleep_sufficient_delta1,0.0,0.0,2799.0,0.0
insulin,sleep_sufficient_past_mean,0.0,0.0,2798.0,0.0
insulin,smoke_delta1,0.0,0.0,2806.0,0.0
insulin,urinary_infection_delta1,0.0,0.0,3056.0,0.0
insulin,urination_proper_delta1,0.0,0.0,3003.0,0.0
insulin,urination_proper_past_mean,0.0,0.0,2986.0,0.0
insulin,walk_regularly_delta1,0.0,0.0,2960.0,0.0
insulin,walk_regularly_lag1,0.0,0.0,2961.0,0.0
insulin,water_sufficient_delta1,0.0,0.0,2809.0,0.0
insulin,water_sufficient_past_mean,0.0,0.0,2808.0,0.0
insulin,zarda_betel_delta1,0.0,0.0,2804.0,0.0
insulin,zarda_betel_lag1,0.0,0.0,2805.0,0.0
insulin_delta1,heart_disease_delta1,0.0,0.0,1608.0,0.0
insulin_delta1,pain_killer_delta1,0.0,0.0,1478.0,0.0
insulin_delta1,sleep_sufficient_delta1,0.0,0.0,1605.0,0.0
insulin_delta1,smoke_delta1,0.0,0.0,1597.0,0.0
insulin_delta1,urinary_infection_delta1,0.0,0.0,1490.0,0.0
insulin_delta1,urinary_infection_lag1,0.0,0.0,1484.0,0.0
insulin_delta1,urination_proper_delta1,0.0,0.0,1480.0,0.0
insulin_delta1,walk_regularly_delta1,0.0,0.0,1477.0,0.0
insulin_delta1,water_sufficient_delta1,0.0,0.0,1603.0,0.0
insulin_delta1,zarda_betel_delta1,0.0,0.0,1610.0,0.0
insulin_lag1,calorie_intake_past_min,0.0,0.0,1601.0,0.0
insulin_lag1,heart_disease_delta1,0.0,0.0,1568.0,0.0
insulin_lag1,heart_disease_lag1,0.0,0.0,1569.0,0.0
insulin_lag1,heart_disease_past_mean,0.0,0.0,1582.0,0.0
insulin_lag1,hypertension_delta1,0.0,0.0,1556.0,0.0
insulin_lag1,pain_killer_delta1,0.0,0.0,1452.0,0.0
insulin_lag1,sleep_sufficient_delta1,0.0,0.0,1565.0,0.0
insulin_lag1,sleep_sufficient_lag1,0.0,0.0,1566.0,0.0
insulin_lag1,sleep_sufficient_past_mean,0.0,0.0,1564.0,0.0
insulin_lag1,smoke_delta1,0.0,0.0,1557.0,0.0
insulin_lag1,smoke_lag1,0.0,0.0,1566.0,0.0
insulin_lag1,urinary_infection_delta1,0.0,0.0,1573.0,0.0
insulin_lag1,urinary_infection_lag1,0.0,0.0,1572.0,0.0
insulin_lag1,urination_proper_delta1,0.0,0.0,1569.0,0.0
insulin_lag1,urination_proper_lag1,0.0,0.0,1568.0,0.0
insulin_lag1,urination_proper_past_mean,0.0,0.0,1570.0,0.0
insulin_lag1,walk_regularly_delta1,0.0,0.0,1575.0,0.0
insulin_lag1,walk_regularly_past_mean,0.0,0.0,1567.0,0.0
insulin_lag1,water_sufficient_delta1,0.0,0.0,1562.0,0.0
insulin_lag1,water_sufficient_lag1,0.0,0.0,1563.0,0.0
insulin_lag1,water_sufficient_past_mean,0.0,0.0,1574.0,0.0
insulin_lag1,zarda_betel_delta1,0.0,0.0,1572.0,0.0
insulin_lag1,zarda_betel_past_mean,0.0,0.0,1571.0,0.0
insulin_past_mean,heart_disease_delta1,0.0,0.0,1449.0,0.0
insulin_past_mean,pain_killer_delta1,0.0,0.0,1453.0,0.0
insulin_past_mean,sleep_sufficient_delta1,0.0,0.0,1447.0,0.0
insulin_past_mean,smoke_delta1,0.0,0.0,1565.0,0.0
insulin_past_mean,urinary_infection_delta1,0.0,0.0,1468.0,0.0
insulin_past_mean,urination_proper_delta1,0.0,0.0,1456.0,0.0
insulin_past_mean,walk_regularly_delta1,0.0,0.0,1514.0,0.0
insulin_past_mean,water_sufficient_delta1,0.0,0.0,1492.0,0.0
insulin_past_mean,water_sufficient_past_mean,0.0,0.0,1494.0,0.0
insulin_past_mean,zarda_betel_delta1,0.0,0.0,1511.0,0.0
job,calorie_intake_delta1,0.0,0.0,1826.0,0.0
job,calorie_intake_past_max,0.0,0.0,2102.0,0.0
job,calorie_intake_past_min,0.0,0.0,2103.0,0.0
job,heart_disease_delta1,0.0,0.0,1929.0,0.0
job,hypertension_delta1,0.0,0.0,1827.0,0.0
job,pain_killer_delta1,0.0,0.0,1945.0,0.0
job,sleep_sufficient_delta1,0.0,0.0,1846.0,0.0
job,smoke_delta1,0.0,0.0,2070.0,0.0
job,urinary_infection_delta1,0.0,0.0,1948.0,0.0
job,urination_proper_delta1,0.0,0.0,1968.0,0.0
job,walk_regularly_delta1,0.0,0.0,1970.0,0.0
job,water_sufficient_delta1,0.0,0.0,1964.0,0.0
job,water_sufficient_past_mean,0.0,0.0,1869.0,0.0
job,zarda_betel_delta1,0.0,0.0,2068.0,0.0
pain_killer,calorie_intake_delta1,0.0,0.0,2684.0,0.0
pain_killer,calorie_intake_past_max,0.0,0.0,2693.0,0.0
pain_killer,heart_disease_delta1,0.0,0.0,2727.0,0.0
pain_killer,hypertension_delta1,0.0,0.0,2730.0,0.0
pain_killer,insulin_lag1,0.0,0.0,2634.0,0.0
pain_killer,pain_killer_delta1,0.0,0.0,2696.0,0.0
pain_killer,pain_killer_lag1,0.0,0.0,2697.0,0.0
pain_killer,sleep_sufficient_delta1,0.0,0.0,2725.0,0.0
pain_killer,sleep_sufficient_lag1,0.0,0.0,2726.0,0.0
pain_killer,sleep_sufficient_past_mean,0.0,0.0,2724.0,0.0
pain_killer,smoke_delta1,0.0,0.0,2734.0,0.0
pain_killer,smoke_lag1,0.0,0.0,2735.0,0.0
pain_killer,take_medicine_delta1,0.0,0.0,2636.0,0.0
pain_killer,take_medicine_lag1,0.0,0.0,2637.0,0.0
pain_killer,urinary_infection_delta1,0.0,0.0,2698.0,0.0
pain_killer,urinary_infection_lag1,0.0,0.0,2739.0,0.0
pain_killer,urination_proper_delta1,0.0,0.0,2741.0,0.0
pain_killer,urination_proper_lag1,0.0,0.0,2742.0,0.0
pain_killer,urination_proper_past_mean,0.0,0.0,2740.0,0.0
pain_killer,walk_regularly_delta1,0.0,0.0,2691.0,0.0
pain_killer,walk_regularly_past_mean,0.0,0.0,2729.0,0.0
pain_killer,water_sufficient_delta1,0.0,0.0,2737.0,0.0
pain_killer,water_sufficient_lag1,0.0,0.0,2738.0,0.0
pain_killer,water_sufficient_past_mean,0.0,0.0,2736.0,0.0
pain_killer,zarda_betel_delta1,0.0,0.0,2732.0,0.0
pain_killer,zarda_betel_lag1,0.0,0.0,2733.0,0.0
pain_killer_delta1,bmi_current_past_max,0.0,0.0,1777.0,0.0
pain_killer_delta1,bmi_current_past_min,0.0,0.0,1782.0,0.0
pain_killer_delta1,bmi_current_past_slope,0.0,0.0,1752.0,0.0
pain_killer_delta1,calorie_intake_past_max,0.0,0.0,1915.0,0.0
pain_killer_delta1,calorie_intake_past_min,0.0,0.0,1767.0,0.0
pain_killer_delta1,calorie_intake_past_slope,0.0,0.0,1914.0,0.0
pain_killer_delta1,pain_killer_past_mean,0.0,0.0,1791.0,0.0
pain_killer_delta1,weight_kg_past_max,0.0,0.0,1727.0,0.0
pain_killer_delta1,weight_kg_past_min,0.0,0.0,1726.0,0.0
pain_killer_delta1,weight_kg_past_slope,0.0,0.0,1784.0,0.0
pain_killer_lag1,calorie_intake_past_max,0.0,0.0,1754.0,0.0
pain_killer_lag1,calorie_intake_past_min,0.0,0.0,1753.0,0.0
pain_killer_lag1,pain_killer_delta1,0.0,0.0,1719.0,0.0
pain_killer_lag1,pain_killer_past_mean,0.0,0.0,1720.0,0.0
prior_visit_count,calorie_intake_delta1,0.0,0.0,2399.0,0.0
prior_visit_count,calorie_intake_past_max,0.0,0.0,3002.0,0.0
prior_visit_count,heart_disease_delta1,0.0,0.0,2412.0,0.0
prior_visit_count,pain_killer_delta1,0.0,0.0,2416.0,0.0
prior_visit_count,sleep_sufficient_delta1,0.0,0.0,2411.0,0.0
prior_visit_count,smoke_delta1,0.0,0.0,2421.0,0.0
prior_visit_count,urinary_infection_delta1,0.0,0.0,2430.0,0.0
prior_visit_count,urination_proper_delta1,0.0,0.0,2418.0,0.0
prior_visit_count,walk_regularly_delta1,0.0,0.0,2419.0,0.0
prior_visit_count,water_sufficient_delta1,0.0,0.0,2410.0,0.0
prior_visit_count,zarda_betel_delta1,0.0,0.0,2420.0,0.0
sleep_sufficient,calorie_intake_delta1,0.0,0.0,2362.0,0.0
sleep_sufficient,calorie_intake_past_max,0.0,0.0,2364.0,0.0
sleep_sufficient,calorie_intake_past_mean,0.0,0.0,2361.0,0.0
sleep_sufficient,follow_diet_lag1,0.0,0.0,2375.0,0.0
sleep_sufficient,heart_disease_delta1,0.0,0.0,2444.0,0.0
sleep_sufficient,heart_disease_lag1,0.0,0.0,2445.0,0.0
sleep_sufficient,insulin_lag1,0.0,0.0,2431.0,0.0
sleep_sufficient,pain_killer_delta1,0.0,0.0,2407.0,0.0
sleep_sufficient,sleep_sufficient_delta1,0.0,0.0,2455.0,0.0
sleep_sufficient,sleep_sufficient_lag1,0.0,0.0,2468.0,0.0
sleep_sufficient,sleep_sufficient_past_mean,0.0,0.0,2447.0,0.0
sleep_sufficient,smoke_delta1,0.0,0.0,2384.0,0.0
sleep_sufficient,smoke_lag1,0.0,0.0,2428.0,0.0
sleep_sufficient,urinary_infection_delta1,0.0,0.0,2409.0,0.0
sleep_sufficient,urinary_infection_lag1,0.0,0.0,2410.0,0.0
sleep_sufficient,urination_proper,0.0,0.0,2358.0,0.0
sleep_sufficient,urination_proper_delta1,0.0,0.0,2449.0,0.0
sleep_sufficient,urination_proper_past_mean,0.0,0.0,2448.0,0.0
sleep_sufficient,walk_regularly_delta1,0.0,0.0,2452.0,0.0
sleep_sufficient,walk_regularly_lag1,0.0,0.0,2453.0,0.0
sleep_sufficient,walk_regularly_past_mean,0.0,0.0,2451.0,0.0
sleep_sufficient,water_sufficient_delta1,0.0,0.0,2445.0,0.0
sleep_sufficient,water_sufficient_lag1,0.0,0.0,2446.0,0.0
sleep_sufficient,water_sufficient_past_mean,0.0,0.0,2444.0,0.0
sleep_sufficient,zarda_betel,0.0,0.0,2476.0,0.0
sleep_sufficient,zarda_betel_delta1,0.0,0.0,2405.0,0.0
sleep_sufficient,zarda_betel_lag1,0.0,0.0,2383.0,0.0
sleep_sufficient_delta1,bmi_current_past_max,0.0,0.0,2034.0,0.0
sleep_sufficient_delta1,bmi_current_past_min,0.0,0.0,2035.0,0.0
sleep_sufficient_delta1,bmi_current_past_slope,0.0,0.0,2033.0,0.0
sleep_sufficient_delta1,calorie_intake_past_max,0.0,0.0,2031.0,0.0
sleep_sufficient_delta1,calorie_intake_past_min,0.0,0.0,2032.0,0.0
sleep_sufficient_delta1,calorie_intake_past_slope,0.0,0.0,2030.0,0.0
sleep_sufficient_delta1,pain_killer_delta1,0.0,0.0,2110.0,0.0
sleep_sufficient_delta1,pain_killer_lag1,0.0,0.0,2109.0,0.0
sleep_sufficient_delta1,pain_killer_past_mean,0.0,0.0,2111.0,0.0
sleep_sufficient_delta1,sleep_sufficient_past_mean,0.0,0.0,2095.0,0.0
sleep_sufficient_delta1,smoke_delta1,0.0,0.0,2071.0,0.0
sleep_sufficient_delta1,smoke_lag1,0.0,0.0,2070.0,0.0
sleep_sufficient_delta1,smoke_past_mean,0.0,0.0,2072.0,0.0
sleep_sufficient_delta1,urinary_infection_delta1,0.0,0.0,2027.0,0.0
sleep_sufficient_delta1,urinary_infection_lag1,0.0,0.0,2028.0,0.0
sleep_sufficient_delta1,urinary_infection_past_mean,0.0,0.0,2050.0,0.0
sleep_sufficient_delta1,urination_proper_delta1,0.0,0.0,2082.0,0.0
sleep_sufficient_delta1,urination_proper_lag1,0.0,0.0,2083.0,0.0
sleep_sufficient_delta1,urination_proper_past_mean,0.0,0.0,2081.0,0.0
sleep_sufficient_delta1,walk_regularly_delta1,0.0,0.0,2085.0,0.0
sleep_sufficient_delta1,walk_regularly_lag1,0.0,0.0,2086.0,0.0
sleep_sufficient_delta1,walk_regularly_past_mean,0.0,0.0,2084.0,0.0
sleep_sufficient_delta1,water_sufficient_delta1,0.0,0.0,2078.0,0.0
sleep_sufficient_delta1,water_sufficient_lag1,0.0,0.0,2079.0,0.0
sleep_sufficient_delta1,water_sufficient_past_mean,0.0,0.0,2077.0,0.0
sleep_sufficient_delta1,weight_kg_past_max,0.0,0.0,2121.0,0.0
sleep_sufficient_delta1,weight_kg_past_min,0.0,0.0,2112.0,0.0
sleep_sufficient_delta1,weight_kg_past_slope,0.0,0.0,2102.0,0.0
sleep_sufficient_delta1,zarda_betel_delta1,0.0,0.0,2088.0,0.0
sleep_sufficient_delta1,zarda_betel_lag1,0.0,0.0,2073.0,0.0
sleep_sufficient_delta1,zarda_betel_past_mean,0.0,0.0,2087.0,0.0
sleep_sufficient_lag1,calorie_intake_past_max,0.0,0.0,2067.0,0.0
sleep_sufficient_lag1,calorie_intake_past_min,0.0,0.0,2068.0,0.0
sleep_sufficient_lag1,pain_killer_delta1,0.0,0.0,2081.0,0.0
sleep_sufficient_lag1,sleep_sufficient_delta1,0.0,0.0,1896.0,0.0
sleep_sufficient_lag1,sleep_sufficient_past_mean,0.0,0.0,1897.0,0.0
sleep_sufficient_lag1,smoke_delta1,0.0,0.0,1902.0,0.0
sleep_sufficient_lag1,smoke_lag1,0.0,0.0,1901.0,0.0
sleep_sufficient_lag1,urinary_infection_delta1,0.0,0.0,2079.0,0.0
sleep_sufficient_lag1,urinary_infection_lag1,0.0,0.0,2078.0,0.0
sleep_sufficient_lag1,urination_proper_delta1,0.0,0.0,1895.0,0.0
sleep_sufficient_lag1,urination_proper_lag1,0.0,0.0,1730.0,0.0
sleep_sufficient_lag1,walk_regularly_delta1,0.0,0.0,1728.0,0.0
sleep_sufficient_lag1,walk_regularly_past_mean,0.0,0.0,1698.0,0.0
sleep_sufficient_lag1,water_sufficient_delta1,0.0,0.0,1899.0,0.0
sleep_sufficient_lag1,water_sufficient_lag1,0.0,0.0,1898.0,0.0
sleep_sufficient_lag1,water_sufficient_past_mean,0.0,0.0,1909.0,0.0
sleep_sufficient_lag1,weight_kg_past_max,0.0,0.0,2072.0,0.0
sleep_sufficient_lag1,zarda_betel_delta1,0.0,0.0,1725.0,0.0
sleep_sufficient_lag1,zarda_betel_lag1,0.0,0.0,1751.0,0.0
sleep_sufficient_past_mean,calorie_intake_past_max,0.0,0.0,2061.0,0.0
sleep_sufficient_past_mean,calorie_intake_past_min,0.0,0.0,2062.0,0.0
sleep_sufficient_past_mean,pain_killer_delta1,0.0,0.0,2055.0,0.0
sleep_sufficient_past_mean,smoke_delta1,0.0,0.0,2107.0,0.0
sleep_sufficient_past_mean,smoke_lag1,0.0,0.0,2108.0,0.0
sleep_sufficient_past_mean,smoke_past_mean,0.0,0.0,2106.0,0.0
sleep_sufficient_past_mean,urinary_infection_delta1,0.0,0.0,2111.0,0.0
sleep_sufficient_past_mean,urination_proper_delta1,0.0,0.0,2113.0,0.0
sleep_sufficient_past_mean,urination_proper_past_mean,0.0,0.0,2113.0,0.0
sleep_sufficient_past_mean,walk_regularly_delta1,0.0,0.0,2083.0,0.0
sleep_sufficient_past_mean,walk_regularly_lag1,0.0,0.0,2082.0,0.0
sleep_sufficient_past_mean,water_sufficient_delta1,0.0,0.0,2123.0,0.0
sleep_sufficient_past_mean,water_sufficient_lag1,0.0,0.0,2029.0,0.0
sleep_sufficient_past_mean,water_sufficient_past_mean,0.0,0.0,2109.0,0.0
sleep_sufficient_past_mean,zarda_betel_delta1,0.0,0.0,2104.0,0.0
sleep_sufficient_past_mean,zarda_betel_lag1,0.0,0.0,2105.0,0.0
sleep_sufficient_past_mean,zarda_betel_past_mean,0.0,0.0,2103.0,0.0
smoke,calorie_intake_delta1,0.0,0.0,2264.0,0.0
smoke,calorie_intake_past_max,0.0,0.0,2362.0,0.0
smoke,follow_diet_lag1,0.0,0.0,2272.0,0.0
smoke,heart_disease_delta1,0.0,0.0,2274.0,0.0
smoke,hypertension_delta1,0.0,0.0,2276.0,0.0
smoke,hypertension_lag1,0.0,0.0,2277.0,0.0
smoke,hypertension_past_mean,0.0,0.0,2275.0,0.0
smoke,insulin_lag1,0.0,0.0,2385.0,0.0
smoke,pain_killer,0.0,0.0,2260.0,0.0
smoke,pain_killer_delta1,0.0,0.0,2356.0,0.0
smoke,sleep_sufficient_delta1,0.0,0.0,2346.0,0.0
smoke,smoke_delta1,0.0,0.0,2340.0,0.0
smoke,smoke_lag1,0.0,0.0,2341.0,0.0
smoke,smoke_past_mean,0.0,0.0,2339.0,0.0
smoke,take_medicine_lag1,0.0,0.0,2349.0,0.0
smoke,take_medicine_past_mean,0.0,0.0,2347.0,0.0
smoke,urinary_infection_delta1,0.0,0.0,2359.0,0.0
smoke,urinary_infection_lag1,0.0,0.0,2350.0,0.0
smoke,urination_proper,0.0,0.0,2262.0,0.0
smoke,urination_proper_delta1,0.0,0.0,2363.0,0.0
smoke,urination_proper_past_mean,0.0,0.0,2351.0,0.0
smoke,walk_regularly_delta1,0.0,0.0,2348.0,0.0
smoke,walk_regularly_past_mean,0.0,0.0,2347.0,0.0
smoke,water_sufficient_delta1,0.0,0.0,2357.0,0.0
smoke,water_sufficient_lag1,0.0,0.0,2344.0,0.0
smoke,water_sufficient_past_mean,0.0,0.0,2342.0,0.0
smoke,zarda_betel,0.0,0.0,2263.0,0.0
smoke,zarda_betel_delta1,0.0,0.0,2353.0,0.0
smoke,zarda_betel_lag1,0.0,0.0,2354.0,0.0
smoke_delta1,bmi_current_past_max,0.0,0.0,1774.0,0.0
smoke_delta1,bmi_current_past_min,0.0,0.0,1775.0,0.0
smoke_delta1,bmi_current_past_slope,0.0,0.0,1788.0,0.0
smoke_delta1,calorie_intake_past_max,0.0,0.0,1786.0,0.0
smoke_delta1,calorie_intake_past_min,0.0,0.0,1787.0,0.0
smoke_delta1,calorie_intake_past_slope,0.0,0.0,1785.0,0.0
smoke_delta1,pain_killer_delta1,0.0,0.0,1780.0,0.0
smoke_delta1,pain_killer_lag1,0.0,0.0,1781.0,0.0
smoke_delta1,pain_killer_past_mean,0.0,0.0,1779.0,0.0
smoke_delta1,smoke_past_mean,0.0,0.0,2083.0,0.0
smoke_delta1,urinary_infection_delta1,0.0,0.0,1767.0,0.0
smoke_delta1,urinary_infection_lag1,0.0,0.0,1768.0,0.0
smoke_delta1,urinary_infection_past_mean,0.0,0.0,1766.0,0.0
smoke_delta1,urination_proper_delta1,0.0,0.0,1770.0,0.0
smoke_delta1,urination_proper_lag1,0.0,0.0,1771.0,0.0
smoke_delta1,urination_proper_past_mean,0.0,0.0,1769.0,0.0
smoke_delta1,walk_regularly_delta1,0.0,0.0,1773.0,0.0
smoke_delta1,walk_regularly_lag1,0.0,0.0,2079.0,0.0
smoke_delta1,walk_regularly_past_mean,0.0,0.0,1772.0,0.0
smoke_delta1,weight_kg_past_max,0.0,0.0,1793.0,0.0
smoke_delta1,weight_kg_past_min,0.0,0.0,1778.0,0.0
smoke_delta1,weight_kg_past_slope,0.0,0.0,1776.0,0.0
smoke_delta1,zarda_betel_delta1,0.0,0.0,2081.0,0.0
smoke_delta1,zarda_betel_lag1,0.0,0.0,2082.0,0.0
smoke_delta1,zarda_betel_past_mean,0.0,0.0,2096.0,0.0
smoke_lag1,calorie_intake_past_max,0.0,0.0,2084.0,0.0
smoke_lag1,calorie_intake_past_min,0.0,0.0,2085.0,0.0
smoke_lag1,pain_killer_delta1,0.0,0.0,2078.0,0.0
smoke_lag1,pain_killer_lag1,0.0,0.0,1924.0,0.0
smoke_lag1,smoke_delta1,0.0,0.0,1926.0,0.0
smoke_lag1,smoke_past_mean,0.0,0.0,1740.0,0.0
smoke_lag1,urinary_infection_delta1,0.0,0.0,1922.0,0.0
smoke_lag1,urinary_infection_lag1,0.0,0.0,1921.0,0.0
smoke_lag1,urination_proper_delta1,0.0,0.0,1919.0,0.0
smoke_lag1,walk_regularly_delta1,0.0,0.0,1735.0,0.0
smoke_lag1,walk_regularly_lag1,0.0,0.0,1736.0,0.0
smoke_lag1,walk_regularly_past_mean,0.0,0.0,1988.0,0.0
smoke_lag1,zarda_betel_delta1,0.0,0.0,1738.0,0.0
smoke_lag1,zarda_betel_lag1,0.0,0.0,1739.0,0.0
smoke_lag1,zarda_betel_past_mean,0.0,0.0,1737.0,0.0
smoke_past_mean,calorie_intake_past_max,0.0,0.0,1693.0,0.0
smoke_past_mean,calorie_intake_past_min,0.0,0.0,1694.0,0.0
smoke_past_mean,pain_killer_delta1,0.0,0.0,1688.0,0.0
smoke_past_mean,urinary_infection_delta1,0.0,0.0,1789.0,0.0
smoke_past_mean,urination_proper_delta1,0.0,0.0,1777.0,0.0
smoke_past_mean,walk_regularly_delta1,0.0,0.0,1734.0,0.0
smoke_past_mean,walk_regularly_past_mean,0.0,0.0,1733.0,0.0
smoke_past_mean,zarda_betel_delta1,0.0,0.0,1783.0,0.0
take_medicine,calorie_intake_delta1,0.0,0.0,2722.0,0.0
take_medicine,calorie_intake_past_max,0.0,0.0,2760.0,0.0
take_medicine,calorie_intake_past_min,0.0,0.0,2761.0,0.0
take_medicine,heart_disease_delta1,0.0,0.0,2757.0,0.0
take_medicine,heart_disease_past_mean,0.0,0.0,2756.0,0.0
take_medicine,hypertension_delta1,0.0,0.0,2743.0,0.0
take_medicine,insulin_lag1,0.0,0.0,2751.0,0.0
take_medicine,pain_killer,0.0,0.0,2779.0,0.0
take_medicine,pain_killer_delta1,0.0,0.0,2811.0,0.0
take_medicine,sleep_sufficient_delta1,0.0,0.0,2765.0,0.0
take_medicine,sleep_sufficient_lag1,0.0,0.0,2766.0,0.0
take_medicine,sleep_sufficient_past_mean,0.0,0.0,2764.0,0.0
take_medicine,smoke_delta1,0.0,0.0,2812.0,0.0
take_medicine,smoke_lag1,0.0,0.0,2813.0,0.0
take_medicine,take_medicine_delta1,0.0,0.0,2750.0,0.0
take_medicine,urinary_infection,0.0,0.0,2777.0,0.0
take_medicine,urinary_infection_delta1,0.0,0.0,2813.0,0.0
take_medicine,urinary_infection_lag1,0.0,0.0,2814.0,0.0
take_medicine,urination_proper,0.0,0.0,2778.0,0.0
take_medicine,urination_proper_delta1,0.0,0.0,2759.0,0.0
take_medicine,walk_regularly_delta1,0.0,0.0,2807.0,0.0
take_medicine,water_sufficient,0.0,0.0,2781.0,0.0
take_medicine,water_sufficient_delta1,0.0,0.0,2762.0,0.0
take_medicine,water_sufficient_lag1,0.0,0.0,2763.0,0.0
take_medicine,water_sufficient_past_mean,0.0,0.0,2761.0,0.0
take_medicine,zarda_betel_delta1,0.0,0.0,2809.0,0.0
take_medicine,zarda_betel_past_mean,0.0,0.0,2821.0,0.0
take_medicine_delta1,calorie_intake_past_max,0.0,0.0,1612.0,0.0
take_medicine_delta1,calorie_intake_past_min,0.0,0.0,1613.0,0.0
take_medicine_delta1,heart_disease_delta1,0.0,0.0,1484.0,0.0
take_medicine_delta1,heart_disease_lag1,0.0,0.0,1485.0,0.0
take_medicine_delta1,hypertension_delta1,0.0,0.0,1487.0,0.0
take_medicine_delta1,insulin_lag1,0.0,0.0,1470.0,0.0
take_medicine_delta1,pain_killer_delta1,0.0,0.0,1618.0,0.0
take_medicine_delta1,sleep_sufficient_delta1,0.0,0.0,1438.0,0.0
take_medicine_delta1,sleep_sufficient_lag1,0.0,0.0,1439.0,0.0
take_medicine_delta1,sleep_sufficient_past_mean,0.0,0.0,1437.0,0.0
take_medicine_delta1,smoke_delta1,0.0,0.0,1491.0,0.0
take_medicine_delta1,urinary_infection_delta1,0.0,0.0,1621.0,0.0
take_medicine_delta1,urinary_infection_lag1,0.0,0.0,1622.0,0.0
take_medicine_delta1,urination_proper_delta1,0.0,0.0,1611.0,0.0
take_medicine_delta1,walk_regularly_delta1,0.0,0.0,1636.0,0.0
take_medicine_delta1,walk_regularly_lag1,0.0,0.0,1637.0,0.0
take_medicine_delta1,water_sufficient_delta1,0.0,0.0,1435.0,0.0
take_medicine_delta1,zarda_betel_delta1,0.0,0.0,1614.0,0.0
take_medicine_delta1,zarda_betel_lag1,0.0,0.0,1615.0,0.0
take_medicine_lag1,calorie_intake_past_max,0.0,0.0,1472.0,0.0
take_medicine_lag1,calorie_intake_past_min,0.0,0.0,1473.0,0.0
take_medicine_lag1,heart_disease_delta1,0.0,0.0,1451.0,0.0
take_medicine_lag1,hypertension_lag1,0.0,0.0,1440.0,0.0
take_medicine_lag1,insulin_lag1,0.0,0.0,1445.0,0.0
take_medicine_lag1,pain_killer_delta1,0.0,0.0,1467.0,0.0
take_medicine_lag1,sleep_sufficient_delta1,0.0,0.0,1449.0,0.0
take_medicine_lag1,sleep_sufficient_past_mean,0.0,0.0,1448.0,0.0
take_medicine_lag1,smoke_delta1,0.0,0.0,1525.0,0.0
take_medicine_lag1,smoke_lag1,0.0,0.0,1526.0,0.0
take_medicine_lag1,take_medicine_delta1,0.0,0.0,1446.0,0.0
take_medicine_lag1,urinary_infection_delta1,0.0,0.0,1469.0,0.0
take_medicine_lag1,urinary_infection_lag1,0.0,0.0,1531.0,0.0
take_medicine_lag1,urination_proper_delta1,0.0,0.0,1533.0,0.0
take_medicine_lag1,urination_proper_lag1,0.0,0.0,1534.0,0.0
take_medicine_lag1,walk_regularly_delta1,0.0,0.0,1536.0,0.0
take_medicine_lag1,walk_regularly_lag1,0.0,0.0,1552.0,0.0
take_medicine_lag1,water_sufficient_delta1,0.0,0.0,1528.0,0.0
take_medicine_lag1,water_sufficient_lag1,0.0,0.0,1530.0,0.0
take_medicine_lag1,water_sufficient_past_mean,0.0,0.0,1527.0,0.0
take_medicine_lag1,zarda_betel_delta1,0.0,0.0,1523.0,0.0
take_medicine_lag1,zarda_betel_lag1,0.0,0.0,1524.0,0.0
take_medicine_past_mean,heart_disease_delta1,0.0,0.0,1567.0,0.0
take_medicine_past_mean,pain_killer_delta1,0.0,0.0,1577.0,0.0
take_medicine_past_mean,sleep_sufficient_delta1,0.0,0.0,1566.0,0.0
take_medicine_past_mean,smoke_delta1,0.0,0.0,1572.0,0.0
take_medicine_past_mean,smoke_lag1,0.0,0.0,1573.0,0.0
take_medicine_past_mean,urinary_infection_delta1,0.0,0.0,1575.0,0.0
take_medicine_past_mean,urination_proper_delta1,0.0,0.0,1576.0,0.0
take_medicine_past_mean,walk_regularly_delta1,0.0,0.0,1568.0,0.0
take_medicine_past_mean,water_sufficient_delta1,0.0,0.0,1564.0,0.0
take_medicine_past_mean,zarda_betel_delta1,0.0,0.0,1570.0,0.0
take_medicine_past_mean,zarda_betel_lag1,0.0,0.0,1571.0,0.0
urinary_infection,calorie_intake_delta1,0.0,0.0,2691.0,0.0
urinary_infection,calorie_intake_past_max,0.0,0.0,2713.0,0.0
urinary_infection,calorie_intake_past_min,0.0,0.0,2714.0,0.0
urinary_infection,follow_diet_lag1,0.0,0.0,2690.0,0.0
urinary_infection,heart_disease_delta1,0.0,0.0,2570.0,0.0
urinary_infection,heart_disease_lag1,0.0,0.0,2571.0,0.0
urinary_infection,hypertension_delta1,0.0,0.0,2538.0,0.0
urinary_infection,pain_killer_delta1,0.0,0.0,2699.0,0.0
urinary_infection,sleep_sufficient_delta1,0.0,0.0,2585.0,0.0
urinary_infection,smoke_delta1,0.0,0.0,2543.0,0.0
urinary_infection,smoke_lag1,0.0,0.0,2544.0,0.0
urinary_infection,urinary_infection_delta1,0.0,0.0,2701.0,0.0
urinary_infection,urinary_infection_lag1,0.0,0.0,2702.0,0.0
urinary_infection,urinary_infection_past_mean,0.0,0.0,2700.0,0.0
urinary_infection,urination_proper_delta1,0.0,0.0,2704.0,0.0
urinary_infection,urination_proper_past_mean,0.0,0.0,2716.0,0.0
urinary_infection,walk_regularly_delta1,0.0,0.0,2706.0,0.0
urinary_infection,walk_regularly_past_mean,0.0,0.0,2705.0,0.0
urinary_infection,water_sufficient_delta1,0.0,0.0,2546.0,0.0
urinary_infection,water_sufficient_past_mean,0.0,0.0,2545.0,0.0
urinary_infection,zarda_betel_delta1,0.0,0.0,2540.0,0.0
urinary_infection,zarda_betel_lag1,0.0,0.0,2541.0,0.0
urinary_infection,zarda_betel_past_mean,0.0,0.0,2613.0,0.0
urinary_infection_delta1,bmi_current_past_max,0.0,0.0,1765.0,0.0
urinary_infection_delta1,bmi_current_past_min,0.0,0.0,1764.0,0.0
urinary_infection_delta1,bmi_current_past_slope,0.0,0.0,2304.0,0.0
urinary_infection_delta1,calorie_intake_past_max,0.0,0.0,1721.0,0.0
urinary_infection_delta1,calorie_intake_past_min,0.0,0.0,2410.0,0.0
urinary_infection_delta1,calorie_intake_past_slope,0.0,0.0,1722.0,0.0
urinary_infection_delta1,pain_killer_delta1,0.0,0.0,2464.0,0.0
urinary_infection_delta1,pain_killer_lag1,0.0,0.0,2465.0,0.0
urinary_infection_delta1,pain_killer_past_mean,0.0,0.0,1939.0,0.0
urinary_infection_delta1,urinary_infection_past_mean,0.0,0.0,2466.0,0.0
urinary_infection_delta1,weight_kg_past_max,0.0,0.0,1762.0,0.0
urinary_infection_delta1,weight_kg_past_min,0.0,0.0,1761.0,0.0
urinary_infection_delta1,weight_kg_past_slope,0.0,0.0,1763.0,0.0
urinary_infection_lag1,calorie_intake_past_max,0.0,0.0,2467.0,0.0
urinary_infection_lag1,calorie_intake_past_min,0.0,0.0,2468.0,0.0
urinary_infection_lag1,pain_killer_delta1,0.0,0.0,1831.0,0.0
urinary_infection_lag1,urinary_infection_delta1,0.0,0.0,1852.0,0.0
urinary_infection_past_mean,pain_killer_delta1,0.0,0.0,1723.0,0.0
urination_proper,calorie_intake_delta1,0.0,0.0,2484.0,0.0
urination_proper,calorie_intake_past_min,0.0,0.0,2579.0,0.0
urination_proper,follow_diet_lag1,0.0,0.0,2483.0,0.0
urination_proper,heart_disease_delta1,0.0,0.0,2485.0,0.0
urination_proper,heart_disease_past_mean,0.0,0.0,2499.0,0.0
urination_proper,hypertension_past_mean,0.0,0.0,2487.0,0.0
urination_proper,insulin_lag1,0.0,0.0,2491.0,0.0
urination_proper,pain_killer_delta1,0.0,0.0,2587.0,0.0
urination_proper,pain_killer_lag1,0.0,0.0,2555.0,0.0
urination_proper,sleep_sufficient_delta1,0.0,0.0,2497.0,0.0
urination_proper,sleep_sufficient_lag1,0.0,0.0,2498.0,0.0
urination_proper,sleep_sufficient_past_mean,0.0,0.0,2496.0,0.0
urination_proper,smoke_delta1,0.0,0.0,2552.0,0.0
urination_proper,smoke_lag1,0.0,0.0,2492.0,0.0
urination_proper,take_medicine_delta1,0.0,0.0,2480.0,0.0
urination_proper,take_medicine_lag1,0.0,0.0,2481.0,0.0
urination_proper,urinary_infection_delta1,0.0,0.0,2556.0,0.0
urination_proper,urinary_infection_lag1,0.0,0.0,2557.0,0.0
urination_proper,urination_proper_delta1,0.0,0.0,2559.0,0.0
urination_proper,urination_proper_lag1,0.0,0.0,2594.0,0.0
urination_proper,urination_proper_past_mean,0.0,0.0,2558.0,0.0
urination_proper,walk_regularly_delta1,0.0,0.0,2581.0,0.0
urination_proper,walk_regularly_lag1,0.0,0.0,2560.0,0.0
urination_proper,water_sufficient_delta1,0.0,0.0,2494.0,0.0
urination_proper,water_sufficient_past_mean,0.0,0.0,2493.0,0.0
urination_proper,zarda_betel_delta1,0.0,0.0,2549.0,0.0
urination_proper,zarda_betel_lag1,0.0,0.0,2550.0,0.0
urination_proper_delta1,bmi_current_past_max,0.0,0.0,1747.0,0.0
urination_proper_delta1,bmi_current_past_min,0.0,0.0,1746.0,0.0
urination_proper_delta1,bmi_current_past_slope,0.0,0.0,1748.0,0.0
urination_proper_delta1,calorie_intake_past_max,0.0,0.0,1750.0,0.0
urination_proper_delta1,calorie_intake_past_min,0.0,0.0,1749.0,0.0
urination_proper_delta1,calorie_intake_past_slope,0.0,0.0,1742.0,0.0
urination_proper_delta1,pain_killer_delta1,0.0,0.0,1816.0,0.0
urination_proper_delta1,pain_killer_lag1,0.0,0.0,1817.0,0.0
urination_proper_delta1,pain_killer_past_mean,0.0,0.0,1815.0,0.0
urination_proper_delta1,urinary_infection_delta1,0.0,0.0,1819.0,0.0
urination_proper_delta1,urinary_infection_lag1,0.0,0.0,1821.0,0.0
urination_proper_delta1,urinary_infection_past_mean,0.0,0.0,1818.0,0.0
urination_proper_delta1,urination_proper_past_mean,0.0,0.0,1822.0,0.0
urination_proper_delta1,weight_kg_past_max,0.0,0.0,1876.0,0.0
urination_proper_delta1,weight_kg_past_min,0.0,0.0,1814.0,0.0
urination_proper_delta1,weight_kg_past_slope,0.0,0.0,1808.0,0.0
urination_proper_lag1,calorie_intake_past_max,0.0,0.0,1809.0,0.0
urination_proper_lag1,pain_killer_delta1,0.0,0.0,1826.0,0.0
urination_proper_lag1,urinary_infection_delta1,0.0,0.0,1824.0,0.0
urination_proper_lag1,urinary_infection_lag1,0.0,0.0,1823.0,0.0
urination_proper_lag1,urination_proper_delta1,0.0,0.0,1829.0,0.0
urination_proper_lag1,urination_proper_past_mean,0.0,0.0,1822.0,0.0
urination_proper_past_mean,calorie_intake_past_max,0.0,0.0,1838.0,0.0
urination_proper_past_mean,pain_killer_delta1,0.0,0.0,1811.0,0.0
urination_proper_past_mean,urinary_infection_delta1,0.0,0.0,1850.0,0.0
urination_proper_past_mean,urinary_infection_lag1,0.0,0.0,1851.0,0.0
walk_regularly,calorie_intake_delta1,0.0,0.0,2563.0,0.0
walk_regularly,calorie_intake_past_max,0.0,0.0,2572.0,0.0
walk_regularly,calorie_intake_past_min,0.0,0.0,2573.0,0.0
walk_regularly,heart_disease_delta1,0.0,0.0,2615.0,0.0
walk_regularly,pain_killer_delta1,0.0,0.0,2568.0,0.0
walk_regularly,sleep_sufficient_delta1,0.0,0.0,2623.0,0.0
walk_regularly,smoke_delta1,0.0,0.0,2559.0,0.0
walk_regularly,take_medicine_delta1,0.0,0.0,2621.0,0.0
walk_regularly,urinary_infection_delta1,0.0,0.0,2561.0,0.0
walk_regularly,urination_proper,0.0,0.0,2375.0,0.0
walk_regularly,urination_proper_delta1,0.0,0.0,2563.0,0.0
walk_regularly,walk_regularly_delta1,0.0,0.0,2566.0,0.0
walk_regularly,walk_regularly_lag1,0.0,0.0,2567.0,0.0
walk_regularly,walk_regularly_past_mean,0.0,0.0,2565.0,0.0
walk_regularly,water_sufficient_delta1,0.0,0.0,2560.0,0.0
walk_regularly,zarda_betel_delta1,0.0,0.0,2543.0,0.0
walk_regularly_delta1,bmi_current_past_max,0.0,0.0,1812.0,0.0
walk_regularly_delta1,bmi_current_past_min,0.0,0.0,1823.0,0.0
walk_regularly_delta1,bmi_current_past_slope,0.0,0.0,1787.0,0.0
walk_regularly_delta1,calorie_intake_past_max,0.0,0.0,1789.0,0.0
walk_regularly_delta1,calorie_intake_past_min,0.0,0.0,1788.0,0.0
walk_regularly_delta1,calorie_intake_past_slope,0.0,0.0,1790.0,0.0
walk_regularly_delta1,pain_killer_delta1,0.0,0.0,1828.0,0.0
walk_regularly_delta1,pain_killer_lag1,0.0,0.0,1829.0,0.0
walk_regularly_delta1,pain_killer_past_mean,0.0,0.0,1827.0,0.0
walk_regularly_delta1,urinary_infection_delta1,0.0,0.0,1845.0,0.0
walk_regularly_delta1,urinary_infection_lag1,0.0,0.0,1844.0,0.0
walk_regularly_delta1,urinary_infection_past_mean,0.0,0.0,1830.0,0.0
walk_regularly_delta1,urination_proper_delta1,0.0,0.0,1842.0,0.0
walk_regularly_delta1,urination_proper_lag1,0.0,0.0,1841.0,0.0
walk_regularly_delta1,urination_proper_past_mean,0.0,0.0,1843.0,0.0
walk_regularly_delta1,walk_regularly_past_mean,0.0,0.0,1840.0,0.0
walk_regularly_delta1,weight_kg_past_max,0.0,0.0,1825.0,0.0
walk_regularly_delta1,weight_kg_past_min,0.0,0.0,1826.0,0.0
walk_regularly_delta1,weight_kg_past_slope,0.0,0.0,1824.0,0.0
walk_regularly_lag1,calorie_intake_past_max,0.0,0.0,1822.0,0.0
walk_regularly_lag1,calorie_intake_past_min,0.0,0.0,1710.0,0.0
walk_regularly_lag1,pain_killer_delta1,0.0,0.0,1703.0,0.0
walk_regularly_lag1,urinary_infection_delta1,0.0,0.0,1705.0,0.0
walk_regularly_lag1,urinary_infection_lag1,0.0,0.0,1706.0,0.0
walk_regularly_lag1,urination_proper_delta1,0.0,0.0,1708.0,0.0
walk_regularly_lag1,urination_proper_lag1,0.0,0.0,1709.0,0.0
walk_regularly_lag1,walk_regularly_delta1,0.0,0.0,1806.0,0.0
walk_regularly_lag1,walk_regularly_past_mean,0.0,0.0,1807.0,0.0
walk_regularly_past_mean,calorie_intake_past_max,0.0,0.0,1828.0,0.0
walk_regularly_past_mean,calorie_intake_past_min,0.0,0.0,1827.0,0.0
walk_regularly_past_mean,pain_killer_delta1,0.0,0.0,1819.0,0.0
walk_regularly_past_mean,urinary_infection_delta1,0.0,0.0,1816.0,0.0
walk_regularly_past_mean,urination_proper_delta1,0.0,0.0,1817.0,0.0
walk_regularly_past_mean,urination_proper_lag1,0.0,0.0,1791.0,0.0
walk_regularly_past_mean,urination_proper_past_mean,0.0,0.0,1831.0,0.0
water_sufficient,calorie_intake_delta1,0.0,0.0,2438.0,0.0
water_sufficient,calorie_intake_past_max,0.0,0.0,2336.0,0.0
water_sufficient,calorie_intake_past_mean,0.0,0.0,2437.0,0.0
water_sufficient,follow_diet_lag1,0.0,0.0,2377.0,0.0
water_sufficient,heart_disease_delta1,0.0,0.0,2379.0,0.0
water_sufficient,hypertension_delta1,0.0,0.0,2329.0,0.0
water_sufficient,insulin_lag1,0.0,0.0,2332.0,0.0
water_sufficient,pain_killer,0.0,0.0,2432.0,0.0
water_sufficient,pain_killer_delta1,0.0,0.0,2227.0,0.0
water_sufficient,sleep_sufficient_delta1,0.0,0.0,2284.0,0.0
water_sufficient,sleep_sufficient_past_mean,0.0,0.0,2283.0,0.0
water_sufficient,smoke_delta1,0.0,0.0,2278.0,0.0
water_sufficient,smoke_lag1,0.0,0.0,2279.0,0.0
water_sufficient,urinary_infection_delta1,0.0,0.0,2313.0,0.0
water_sufficient,urinary_infection_lag1,0.0,0.0,2354.0,0.0
water_sufficient,urination_proper,0.0,0.0,2361.0,0.0
water_sufficient,urination_proper_delta1,0.0,0.0,2300.0,0.0
water_sufficient,urination_proper_past_mean,0.0,0.0,2355.0,0.0
water_sufficient,walk_regularly_delta1,0.0,0.0,2287.0,0.0
water_sufficient,walk_regularly_past_mean,0.0,0.0,2286.0,0.0
water_sufficient,water_sufficient_delta1,0.0,0.0,2281.0,0.0
water_sufficient,water_sufficient_lag1,0.0,0.0,2282.0,0.0
water_sufficient,water_sufficient_past_mean,0.0,0.0,2280.0,0.0
water_sufficient,zarda_betel,0.0,0.0,2362.0,0.0
water_sufficient,zarda_betel_delta1,0.0,0.0,2223.0,0.0
water_sufficient_delta1,bmi_current_past_max,0.0,0.0,2092.0,0.0
water_sufficient_delta1,bmi_current_past_min,0.0,0.0,2093.0,0.0
water_sufficient_delta1,bmi_current_past_slope,0.0,0.0,2091.0,0.0
water_sufficient_delta1,calorie_intake_past_max,0.0,0.0,2089.0,0.0
water_sufficient_delta1,calorie_intake_past_min,0.0,0.0,2090.0,0.0
water_sufficient_delta1,calorie_intake_past_slope,0.0,0.0,2088.0,0.0
water_sufficient_delta1,pain_killer_delta1,0.0,0.0,2046.0,0.0
water_sufficient_delta1,pain_killer_lag1,0.0,0.0,2047.0,0.0
water_sufficient_delta1,pain_killer_past_mean,0.0,0.0,2045.0,0.0
water_sufficient_delta1,smoke_delta1,0.0,0.0,2056.0,0.0
water_sufficient_delta1,smoke_lag1,0.0,0.0,2057.0,0.0
water_sufficient_delta1,smoke_past_mean,0.0,0.0,2057.0,0.0
water_sufficient_delta1,urinary_infection_delta1,0.0,0.0,2049.0,0.0
water_sufficient_delta1,urinary_infection_lag1,0.0,0.0,2060.0,0.0
water_sufficient_delta1,urinary_infection_past_mean,0.0,0.0,2048.0,0.0
water_sufficient_delta1,urination_proper_delta1,0.0,0.0,2062.0,0.0
water_sufficient_delta1,urination_proper_lag1,0.0,0.0,2063.0,0.0
water_sufficient_delta1,urination_proper_past_mean,0.0,0.0,2061.0,0.0
water_sufficient_delta1,walk_regularly_delta1,0.0,0.0,2039.0,0.0
water_sufficient_delta1,walk_regularly_lag1,0.0,0.0,2040.0,0.0
water_sufficient_delta1,walk_regularly_past_mean,0.0,0.0,2038.0,0.0
water_sufficient_delta1,water_sufficient_past_mean,0.0,0.0,2058.0,0.0
water_sufficient_delta1,weight_kg_past_max,0.0,0.0,2043.0,0.0
water_sufficient_delta1,weight_kg_past_min,0.0,0.0,2044.0,0.0
water_sufficient_delta1,weight_kg_past_slope,0.0,0.0,2042.0,0.0
water_sufficient_delta1,zarda_betel_delta1,0.0,0.0,2059.0,0.0
water_sufficient_delta1,zarda_betel_lag1,0.0,0.0,2058.0,0.0
water_sufficient_delta1,zarda_betel_past_mean,0.0,0.0,2041.0,0.0
water_sufficient_lag1,calorie_intake_past_max,0.0,0.0,2059.0,0.0
water_sufficient_lag1,pain_killer_delta1,0.0,0.0,2115.0,0.0
water_sufficient_lag1,pain_killer_lag1,0.0,0.0,2116.0,0.0
water_sufficient_lag1,smoke_delta1,0.0,0.0,2077.0,0.0
water_sufficient_lag1,urinary_infection_delta1,0.0,0.0,2117.0,0.0
water_sufficient_lag1,urinary_infection_lag1,0.0,0.0,2117.0,0.0
water_sufficient_lag1,urination_proper_delta1,0.0,0.0,2115.0,0.0
water_sufficient_lag1,urination_proper_past_mean,0.0,0.0,2116.0,0.0
water_sufficient_lag1,walk_regularly_delta1,0.0,0.0,2051.0,0.0
water_sufficient_lag1,walk_regularly_lag1,0.0,0.0,2020.0,0.0
water_sufficient_lag1,water_sufficient_delta1,0.0,0.0,2059.0,0.0
water_sufficient_lag1,water_sufficient_past_mean,0.0,0.0,2058.0,0.0
water_sufficient_lag1,zarda_betel_delta1,0.0,0.0,2018.0,0.0
water_sufficient_lag1,zarda_betel_lag1,0.0,0.0,2017.0,0.0
water_sufficient_lag1,zarda_betel_past_mean,0.0,0.0,2020.0,0.0
water_sufficient_past_mean,calorie_intake_past_max,0.0,0.0,2048.0,0.0
water_sufficient_past_mean,calorie_intake_past_min,0.0,0.0,2049.0,0.0
water_sufficient_past_mean,pain_killer_delta1,0.0,0.0,2051.0,0.0
water_sufficient_past_mean,smoke_delta1,0.0,0.0,2086.0,0.0
water_sufficient_past_mean,smoke_lag1,0.0,0.0,2087.0,0.0
water_sufficient_past_mean,urinary_infection_delta1,0.0,0.0,2044.0,0.0
water_sufficient_past_mean,urinary_infection_lag1,0.0,0.0,2045.0,0.0
water_sufficient_past_mean,urination_proper_delta1,0.0,0.0,2047.0,0.0
water_sufficient_past_mean,urination_proper_lag1,0.0,0.0,2094.0,0.0
water_sufficient_past_mean,urination_proper_past_mean,0.0,0.0,2046.0,0.0
water_sufficient_past_mean,walk_regularly_delta1,0.0,0.0,2095.0,0.0
water_sufficient_past_mean,walk_regularly_lag1,0.0,0.0,2080.0,0.0
water_sufficient_past_mean,weight_kg_past_max,0.0,0.0,2065.0,0.0
water_sufficient_past_mean,zarda_betel_delta1,0.0,0.0,2046.0,0.0
water_sufficient_past_mean,zarda_betel_lag1,0.0,0.0,2045.0,0.0
water_sufficient_past_mean,zarda_betel_past_mean,0.0,0.0,2047.0,0.0
weight_kg,calorie_intake_delta1,0.0,0.0,1816.0,0.0
weight_kg,heart_disease_delta1,0.0,0.0,1783.0,0.0
weight_kg,pain_killer_delta1,0.0,0.0,1862.0,0.0
weight_kg,sleep_sufficient_delta1,0.0,0.0,1897.0,0.0
weight_kg,smoke_delta1,0.0,0.0,2509.0,0.0
weight_kg,urinary_infection_delta1,0.0,0.0,2512.0,0.0
weight_kg,urination_proper_delta1,0.0,0.0,1911.0,0.0
weight_kg,walk_regularly_delta1,0.0,0.0,1910.0,0.0
weight_kg,water_sufficient_delta1,0.0,0.0,1899.0,0.0
weight_kg,zarda_betel_delta1,0.0,0.0,1909.0,0.0
weight_kg_delta1,calorie_intake_delta1,0.0,0.0,3021.0,0.0
weight_kg_delta1,calorie_intake_past_max,0.0,0.0,3017.0,0.0
weight_kg_delta1,heart_disease_delta1,0.0,0.0,3029.0,0.0
weight_kg_delta1,pain_killer_delta1,0.0,0.0,3015.0,0.0
weight_kg_delta1,sleep_sufficient_delta1,0.0,0.0,3027.0,0.0
weight_kg_delta1,smoke_delta1,0.0,0.0,3019.0,0.0
weight_kg_delta1,urinary_infection_delta1,0.0,0.0,2917.0,0.0
weight_kg_delta1,urination_proper_delta1,0.0,0.0,2919.0,0.0
weight_kg_delta1,walk_regularly_delta1,0.0,0.0,3024.0,0.0
weight_kg_delta1,water_sufficient_delta1,0.0,0.0,3026.0,0.0
weight_kg_delta1,zarda_betel_delta1,0.0,0.0,3022.0,0.0
weight_kg_lag1,calorie_intake_delta1,0.0,0.0,2988.0,0.0
weight_kg_lag1,calorie_intake_past_max,0.0,0.0,2984.0,0.0
weight_kg_lag1,heart_disease_delta1,0.0,0.0,2346.0,0.0
weight_kg_lag1,pain_killer_delta1,0.0,0.0,2983.0,0.0
weight_kg_lag1,sleep_sufficient_delta1,0.0,0.0,2371.0,0.0
weight_kg_lag1,smoke_delta1,0.0,0.0,2975.0,0.0
weight_kg_lag1,urinary_infection_delta1,0.0,0.0,2977.0,0.0
weight_kg_lag1,urination_proper_delta1,0.0,0.0,2980.0,0.0
weight_kg_lag1,walk_regularly_delta1,0.0,0.0,2982.0,0.0
weight_kg_lag1,water_sufficient_delta1,0.0,0.0,2370.0,0.0
weight_kg_lag1,zarda_betel_delta1,0.0,0.0,2973.0,0.0
weight_kg_past_max,calorie_intake_past_max,0.0,0.0,2474.0,0.0
weight_kg_past_mean,calorie_intake_delta1,0.0,0.0,3016.0,0.0
weight_kg_past_mean,heart_disease_delta1,0.0,0.0,2963.0,0.0
weight_kg_past_mean,pain_killer_delta1,0.0,0.0,2684.0,0.0
weight_kg_past_mean,sleep_sufficient_delta1,0.0,0.0,2968.0,0.0
weight_kg_past_mean,smoke_delta1,0.0,0.0,2965.0,0.0
weight_kg_past_mean,urinary_infection_delta1,0.0,0.0,2683.0,0.0
weight_kg_past_mean,urination_proper_delta1,0.0,0.0,2680.0,0.0
weight_kg_past_mean,walk_regularly_delta1,0.0,0.0,2690.0,0.0
weight_kg_past_mean,water_sufficient_delta1,0.0,0.0,2967.0,0.0
weight_kg_past_mean,zarda_betel_delta1,0.0,0.0,2696.0,0.0
weight_kg_past_min,calorie_intake_past_max,0.0,0.0,2401.0,0.0
weight_kg_past_slope,calorie_intake_past_max,0.0,0.0,2399.0,0.0
zarda_betel,calorie_intake_delta1,0.0,0.0,2409.0,0.0
zarda_betel,calorie_intake_past_max,0.0,0.0,2376.0,0.0
zarda_betel,calorie_intake_past_mean,0.0,0.0,2408.0,0.0
zarda_betel,calorie_intake_past_min,0.0,0.0,2462.0,0.0
zarda_betel,follow_diet_lag1,0.0,0.0,2395.0,0.0
zarda_betel,heart_disease_delta1,0.0,0.0,2335.0,0.0
zarda_betel,heart_disease_lag1,0.0,0.0,2336.0,0.0
zarda_betel,heart_disease_past_mean,0.0,0.0,2334.0,0.0
zarda_betel,hypertension_lag1,0.0,0.0,2338.0,0.0
zarda_betel,insulin_lag1,0.0,0.0,2394.0,0.0
zarda_betel,pain_killer_delta1,0.0,0.0,2371.0,0.0
zarda_betel,pain_killer_lag1,0.0,0.0,2372.0,0.0
zarda_betel,sleep_sufficient_delta1,0.0,0.0,2333.0,0.0
zarda_betel,smoke_delta1,0.0,0.0,2439.0,0.0
zarda_betel,smoke_lag1,0.0,0.0,2440.0,0.0
zarda_betel,take_medicine_lag1,0.0,0.0,2332.0,0.0
zarda_betel,take_medicine_past_mean,0.0,0.0,2379.0,0.0
zarda_betel,urinary_infection_delta1,0.0,0.0,2373.0,0.0
zarda_betel,urinary_infection_lag1,0.0,0.0,2374.0,0.0
zarda_betel,urination_proper,0.0,0.0,2467.0,0.0
zarda_betel,urination_proper_delta1,0.0,0.0,2446.0,0.0
zarda_betel,urination_proper_lag1,0.0,0.0,2447.0,0.0
zarda_betel,urination_proper_past_mean,0.0,0.0,2445.0,0.0
zarda_betel,walk_regularly_delta1,0.0,0.0,2449.0,0.0
zarda_betel,walk_regularly_lag1,0.0,0.0,2450.0,0.0
zarda_betel,walk_regularly_past_mean,0.0,0.0,2448.0,0.0
zarda_betel,water_sufficient_delta1,0.0,0.0,2442.0,0.0
zarda_betel,water_sufficient_past_mean,0.0,0.0,2441.0,0.0
zarda_betel,zarda_betel_delta1,0.0,0.0,2370.0,0.0
zarda_betel,zarda_betel_lag1,0.0,0.0,2547.0,0.0
zarda_betel,zarda_betel_past_mean,0.0,0.0,2451.0,0.0
zarda_betel_delta1,bmi_current_past_max,0.0,0.0,1674.0,0.0
zarda_betel_delta1,bmi_current_past_min,0.0,0.0,1675.0,0.0
zarda_betel_delta1,bmi_current_past_slope,0.0,0.0,1673.0,0.0
zarda_betel_delta1,calorie_intake_past_max,0.0,0.0,1731.0,0.0
zarda_betel_delta1,calorie_intake_past_min,0.0,0.0,1717.0,0.0
zarda_betel_delta1,calorie_intake_past_slope,0.0,0.0,1702.0,0.0
zarda_betel_delta1,pain_killer_delta1,0.0,0.0,1724.0,0.0
zarda_betel_delta1,pain_killer_lag1,0.0,0.0,1725.0,0.0
zarda_betel_delta1,pain_killer_past_mean,0.0,0.0,1723.0,0.0
zarda_betel_delta1,urinary_infection_delta1,0.0,0.0,1727.0,0.0
zarda_betel_delta1,urinary_infection_lag1,0.0,0.0,1728.0,0.0
zarda_betel_delta1,urinary_infection_past_mean,0.0,0.0,1726.0,0.0
zarda_betel_delta1,urination_proper_delta1,0.0,0.0,1730.0,0.0
zarda_betel_delta1,urination_proper_lag1,0.0,0.0,1713.0,0.0
zarda_betel_delta1,urination_proper_past_mean,0.0,0.0,1729.0,0.0
zarda_betel_delta1,walk_regularly_delta1,0.0,0.0,1715.0,0.0
zarda_betel_delta1,walk_regularly_lag1,0.0,0.0,1716.0,0.0
zarda_betel_delta1,walk_regularly_past_mean,0.0,0.0,1714.0,0.0
zarda_betel_delta1,weight_kg_past_max,0.0,0.0,1677.0,0.0
zarda_betel_delta1,weight_kg_past_min,0.0,0.0,1679.0,0.0
zarda_betel_delta1,weight_kg_past_slope,0.0,0.0,1676.0,0.0
zarda_betel_delta1,zarda_betel_past_mean,0.0,0.0,1732.0,0.0
zarda_betel_lag1,bmi_current_past_min,0.0,0.0,1763.0,0.0
zarda_betel_lag1,calorie_intake_past_max,0.0,0.0,1720.0,0.0
zarda_betel_lag1,pain_killer_delta1,0.0,0.0,1765.0,0.0
zarda_betel_lag1,pain_killer_lag1,0.0,0.0,1695.0,0.0
zarda_betel_lag1,urinary_infection_delta1,0.0,0.0,1697.0,0.0
zarda_betel_lag1,urinary_infection_lag1,0.0,0.0,1698.0,0.0
zarda_betel_lag1,urination_proper_delta1,0.0,0.0,1700.0,0.0
zarda_betel_lag1,urination_proper_lag1,0.0,0.0,1701.0,0.0
zarda_betel_lag1,urination_proper_past_mean,0.0,0.0,1699.0,0.0
zarda_betel_lag1,walk_regularly_delta1,0.0,0.0,1689.0,0.0
zarda_betel_lag1,walk_regularly_lag1,0.0,0.0,1690.0,0.0
zarda_betel_lag1,walk_regularly_past_mean,0.0,0.0,1747.0,0.0
zarda_betel_lag1,zarda_betel_delta1,0.0,0.0,1692.0,0.0
zarda_betel_lag1,zarda_betel_past_mean,0.0,0.0,1691.0,0.0
zarda_betel_past_mean,calorie_intake_past_max,0.0,0.0,1804.0,0.0
zarda_betel_past_mean,pain_killer_delta1,0.0,0.0,1811.0,0.0
zarda_betel_past_mean,urinary_infection_delta1,0.0,0.0,1808.0,0.0
zarda_betel_past_mean,urination_proper_delta1,0.0,0.0,1682.0,0.0
zarda_betel_past_mean,walk_regularly_delta1,0.0,0.0,1685.0,0.0
zarda_betel_past_mean,walk_regularly_past_mean,0.0,0.0,1684.0,0.0
